family,substrate,tau_drive_steps,arm,band_k,seed,n,ipc
esn,esn-fast (leak 1.0),1.0,A-readout,1,20260830,350,8.242
esn,esn-fast (leak 1.0),1.0,B-drive,1,20260830,350,8.242
esn,esn-fast (leak 1.0),1.0,A-readout,2,20260830,350,5.345
esn,esn-fast (leak 1.0),1.0,B-drive,2,20260830,350,7.304
esn,esn-fast (leak 1.0),1.0,A-readout,4,20260830,350,2.596
esn,esn-fast (leak 1.0),1.0,B-drive,4,20260830,350,4.535
esn,esn-fast (leak 1.0),1.0,A-readout,8,20260830,350,1.453
esn,esn-fast (leak 1.0),1.0,B-drive,8,20260830,350,2.494
esn,esn-mid (leak 0.3),2.8,A-readout,1,20260830,350,2.77
esn,esn-mid (leak 0.3),2.8,B-drive,1,20260830,350,2.77
esn,esn-mid (leak 0.3),2.8,A-readout,2,20260830,350,3.307
esn,esn-mid (leak 0.3),2.8,B-drive,2,20260830,350,4.027
esn,esn-mid (leak 0.3),2.8,A-readout,4,20260830,350,1.37
esn,esn-mid (leak 0.3),2.8,B-drive,4,20260830,350,4.958
esn,esn-mid (leak 0.3),2.8,A-readout,8,20260830,350,1.164
esn,esn-mid (leak 0.3),2.8,B-drive,8,20260830,350,4.315
esn,esn-slow (leak 0.1),9.5,A-readout,1,20260830,350,1.461
esn,esn-slow (leak 0.1),9.5,B-drive,1,20260830,350,1.461
esn,esn-slow (leak 0.1),9.5,A-readout,2,20260830,350,1.956
esn,esn-slow (leak 0.1),9.5,B-drive,2,20260830,350,1.923
esn,esn-slow (leak 0.1),9.5,A-readout,4,20260830,350,1.229
esn,esn-slow (leak 0.1),9.5,B-drive,4,20260830,350,2.783
esn,esn-slow (leak 0.1),9.5,A-readout,8,20260830,350,1.105
esn,esn-slow (leak 0.1),9.5,B-drive,8,20260830,350,3.929
mass-spring,spring-fast (omega 2.0),1.67,A-readout,1,20260830,350,5.847
mass-spring,spring-fast (omega 2.0),1.67,B-drive,1,20260830,350,5.847
mass-spring,spring-fast (omega 2.0),1.67,A-readout,2,20260830,350,2.325
mass-spring,spring-fast (omega 2.0),1.67,B-drive,2,20260830,350,3.507
mass-spring,spring-fast (omega 2.0),1.67,A-readout,4,20260830,350,1.401
mass-spring,spring-fast (omega 2.0),1.67,B-drive,4,20260830,350,2.299
mass-spring,spring-fast (omega 2.0),1.67,A-readout,8,20260830,350,0.773
mass-spring,spring-fast (omega 2.0),1.67,B-drive,8,20260830,350,1.147
mass-spring,spring-mid (omega 0.6),5.56,A-readout,1,20260830,350,4.815
mass-spring,spring-mid (omega 0.6),5.56,B-drive,1,20260830,350,4.815
mass-spring,spring-mid (omega 0.6),5.56,A-readout,2,20260830,350,2.958
mass-spring,spring-mid (omega 0.6),5.56,B-drive,2,20260830,350,6.025
mass-spring,spring-mid (omega 0.6),5.56,A-readout,4,20260830,350,1.871
mass-spring,spring-mid (omega 0.6),5.56,B-drive,4,20260830,350,5.13
mass-spring,spring-mid (omega 0.6),5.56,A-readout,8,20260830,350,1.457
mass-spring,spring-mid (omega 0.6),5.56,B-drive,8,20260830,350,3.647
mass-spring,spring-slow (omega 0.2),16.67,A-readout,1,20260830,350,1.687
mass-spring,spring-slow (omega 0.2),16.67,B-drive,1,20260830,350,1.687
mass-spring,spring-slow (omega 0.2),16.67,A-readout,2,20260830,350,2.736
mass-spring,spring-slow (omega 0.2),16.67,B-drive,2,20260830,350,3.056
mass-spring,spring-slow (omega 0.2),16.67,A-readout,4,20260830,350,1.501
mass-spring,spring-slow (omega 0.2),16.67,B-drive,4,20260830,350,4.994
mass-spring,spring-slow (omega 0.2),16.67,A-readout,8,20260830,350,1.451
mass-spring,spring-slow (omega 0.2),16.67,B-drive,8,20260830,350,6.627
esn,esn-fast (leak 1.0),1.0,A-readout,1,20260831,350,7.891
esn,esn-fast (leak 1.0),1.0,B-drive,1,20260831,350,7.891
esn,esn-fast (leak 1.0),1.0,A-readout,2,20260831,350,4.631
esn,esn-fast (leak 1.0),1.0,B-drive,2,20260831,350,5.895
esn,esn-fast (leak 1.0),1.0,A-readout,4,20260831,350,2.739
esn,esn-fast (leak 1.0),1.0,B-drive,4,20260831,350,3.177
esn,esn-fast (leak 1.0),1.0,A-readout,8,20260831,350,1.513
esn,esn-fast (leak 1.0),1.0,B-drive,8,20260831,350,1.671
esn,esn-mid (leak 0.3),2.8,A-readout,1,20260831,350,2.916
esn,esn-mid (leak 0.3),2.8,B-drive,1,20260831,350,2.916
esn,esn-mid (leak 0.3),2.8,A-readout,2,20260831,350,1.981
esn,esn-mid (leak 0.3),2.8,B-drive,2,20260831,350,3.491
esn,esn-mid (leak 0.3),2.8,A-readout,4,20260831,350,1.17
esn,esn-mid (leak 0.3),2.8,B-drive,4,20260831,350,4.326
esn,esn-mid (leak 0.3),2.8,A-readout,8,20260831,350,1.05
esn,esn-mid (leak 0.3),2.8,B-drive,8,20260831,350,3.633
esn,esn-slow (leak 0.1),9.5,A-readout,1,20260831,350,1.681
esn,esn-slow (leak 0.1),9.5,B-drive,1,20260831,350,1.681
esn,esn-slow (leak 0.1),9.5,A-readout,2,20260831,350,0.82
esn,esn-slow (leak 0.1),9.5,B-drive,2,20260831,350,2.187
esn,esn-slow (leak 0.1),9.5,A-readout,4,20260831,350,1.098
esn,esn-slow (leak 0.1),9.5,B-drive,4,20260831,350,2.902
esn,esn-slow (leak 0.1),9.5,A-readout,8,20260831,350,0.971
esn,esn-slow (leak 0.1),9.5,B-drive,8,20260831,350,3.528
mass-spring,spring-fast (omega 2.0),1.67,A-readout,1,20260831,350,5.811
mass-spring,spring-fast (omega 2.0),1.67,B-drive,1,20260831,350,5.811
mass-spring,spring-fast (omega 2.0),1.67,A-readout,2,20260831,350,2.969
mass-spring,spring-fast (omega 2.0),1.67,B-drive,2,20260831,350,3.941
mass-spring,spring-fast (omega 2.0),1.67,A-readout,4,20260831,350,1.428
mass-spring,spring-fast (omega 2.0),1.67,B-drive,4,20260831,350,2.584
mass-spring,spring-fast (omega 2.0),1.67,A-readout,8,20260831,350,1.073
mass-spring,spring-fast (omega 2.0),1.67,B-drive,8,20260831,350,1.468
mass-spring,spring-mid (omega 0.6),5.56,A-readout,1,20260831,350,4.186
mass-spring,spring-mid (omega 0.6),5.56,B-drive,1,20260831,350,4.186
mass-spring,spring-mid (omega 0.6),5.56,A-readout,2,20260831,350,2.697
mass-spring,spring-mid (omega 0.6),5.56,B-drive,2,20260831,350,4.665
mass-spring,spring-mid (omega 0.6),5.56,A-readout,4,20260831,350,1.77
mass-spring,spring-mid (omega 0.6),5.56,B-drive,4,20260831,350,5.822
mass-spring,spring-mid (omega 0.6),5.56,A-readout,8,20260831,350,1.182
mass-spring,spring-mid (omega 0.6),5.56,B-drive,8,20260831,350,4.017
mass-spring,spring-slow (omega 0.2),16.67,A-readout,1,20260831,350,1.957
mass-spring,spring-slow (omega 0.2),16.67,B-drive,1,20260831,350,1.957
mass-spring,spring-slow (omega 0.2),16.67,A-readout,2,20260831,350,1.174
mass-spring,spring-slow (omega 0.2),16.67,B-drive,2,20260831,350,3.523
mass-spring,spring-slow (omega 0.2),16.67,A-readout,4,20260831,350,1.262
mass-spring,spring-slow (omega 0.2),16.67,B-drive,4,20260831,350,4.145
mass-spring,spring-slow (omega 0.2),16.67,A-readout,8,20260831,350,1.57
mass-spring,spring-slow (omega 0.2),16.67,B-drive,8,20260831,350,5.775
esn,esn-fast (leak 1.0),1.0,A-readout,1,20260832,350,8.253
esn,esn-fast (leak 1.0),1.0,B-drive,1,20260832,350,8.253
esn,esn-fast (leak 1.0),1.0,A-readout,2,20260832,350,5.194
esn,esn-fast (leak 1.0),1.0,B-drive,2,20260832,350,6.586
esn,esn-fast (leak 1.0),1.0,A-readout,4,20260832,350,3.086
esn,esn-fast (leak 1.0),1.0,B-drive,4,20260832,350,3.884
esn,esn-fast (leak 1.0),1.0,A-readout,8,20260832,350,1.481
esn,esn-fast (leak 1.0),1.0,B-drive,8,20260832,350,2.189
esn,esn-mid (leak 0.3),2.8,A-readout,1,20260832,350,3.544
esn,esn-mid (leak 0.3),2.8,B-drive,1,20260832,350,3.544
esn,esn-mid (leak 0.3),2.8,A-readout,2,20260832,350,1.748
esn,esn-mid (leak 0.3),2.8,B-drive,2,20260832,350,4.453
esn,esn-mid (leak 0.3),2.8,A-readout,4,20260832,350,1.128
esn,esn-mid (leak 0.3),2.8,B-drive,4,20260832,350,5.076
esn,esn-mid (leak 0.3),2.8,A-readout,8,20260832,350,0.861
esn,esn-mid (leak 0.3),2.8,B-drive,8,20260832,350,4.472
esn,esn-slow (leak 0.1),9.5,A-readout,1,20260832,350,2.251
esn,esn-slow (leak 0.1),9.5,B-drive,1,20260832,350,2.251
esn,esn-slow (leak 0.1),9.5,A-readout,2,20260832,350,1.11
esn,esn-slow (leak 0.1),9.5,B-drive,2,20260832,350,2.775
esn,esn-slow (leak 0.1),9.5,A-readout,4,20260832,350,1.08
esn,esn-slow (leak 0.1),9.5,B-drive,4,20260832,350,3.579
esn,esn-slow (leak 0.1),9.5,A-readout,8,20260832,350,0.716
esn,esn-slow (leak 0.1),9.5,B-drive,8,20260832,350,4.353
mass-spring,spring-fast (omega 2.0),1.67,A-readout,1,20260832,350,5.146
mass-spring,spring-fast (omega 2.0),1.67,B-drive,1,20260832,350,5.146
mass-spring,spring-fast (omega 2.0),1.67,A-readout,2,20260832,350,2.741
mass-spring,spring-fast (omega 2.0),1.67,B-drive,2,20260832,350,3.169
mass-spring,spring-fast (omega 2.0),1.67,A-readout,4,20260832,350,1.613
mass-spring,spring-fast (omega 2.0),1.67,B-drive,4,20260832,350,1.862
mass-spring,spring-fast (omega 2.0),1.67,A-readout,8,20260832,350,0.997
mass-spring,spring-fast (omega 2.0),1.67,B-drive,8,20260832,350,1.053
mass-spring,spring-mid (omega 0.6),5.56,A-readout,1,20260832,350,4.829
mass-spring,spring-mid (omega 0.6),5.56,B-drive,1,20260832,350,4.829
mass-spring,spring-mid (omega 0.6),5.56,A-readout,2,20260832,350,3.752
mass-spring,spring-mid (omega 0.6),5.56,B-drive,2,20260832,350,6.046
mass-spring,spring-mid (omega 0.6),5.56,A-readout,4,20260832,350,2.529
mass-spring,spring-mid (omega 0.6),5.56,B-drive,4,20260832,350,4.479
mass-spring,spring-mid (omega 0.6),5.56,A-readout,8,20260832,350,2.111
mass-spring,spring-mid (omega 0.6),5.56,B-drive,8,20260832,350,3.125
mass-spring,spring-slow (omega 0.2),16.67,A-readout,1,20260832,350,2.401
mass-spring,spring-slow (omega 0.2),16.67,B-drive,1,20260832,350,2.401
mass-spring,spring-slow (omega 0.2),16.67,A-readout,2,20260832,350,1.369
mass-spring,spring-slow (omega 0.2),16.67,B-drive,2,20260832,350,3.806
mass-spring,spring-slow (omega 0.2),16.67,A-readout,4,20260832,350,0.984
mass-spring,spring-slow (omega 0.2),16.67,B-drive,4,20260832,350,5.362
mass-spring,spring-slow (omega 0.2),16.67,A-readout,8,20260832,350,1.235
mass-spring,spring-slow (omega 0.2),16.67,B-drive,8,20260832,350,5.787
esn,esn-fast (leak 1.0),1.0,A-readout,1,20260833,350,7.758
esn,esn-fast (leak 1.0),1.0,B-drive,1,20260833,350,7.758
esn,esn-fast (leak 1.0),1.0,A-readout,2,20260833,350,3.827
esn,esn-fast (leak 1.0),1.0,B-drive,2,20260833,350,5.295
esn,esn-fast (leak 1.0),1.0,A-readout,4,20260833,350,2.054
esn,esn-fast (leak 1.0),1.0,B-drive,4,20260833,350,3.118
esn,esn-fast (leak 1.0),1.0,A-readout,8,20260833,350,1.21
esn,esn-fast (leak 1.0),1.0,B-drive,8,20260833,350,1.771
esn,esn-mid (leak 0.3),2.8,A-readout,1,20260833,350,1.972
esn,esn-mid (leak 0.3),2.8,B-drive,1,20260833,350,1.972
esn,esn-mid (leak 0.3),2.8,A-readout,2,20260833,350,2.776
esn,esn-mid (leak 0.3),2.8,B-drive,2,20260833,350,2.558
esn,esn-mid (leak 0.3),2.8,A-readout,4,20260833,350,1.081
esn,esn-mid (leak 0.3),2.8,B-drive,4,20260833,350,2.857
esn,esn-mid (leak 0.3),2.8,A-readout,8,20260833,350,0.798
esn,esn-mid (leak 0.3),2.8,B-drive,8,20260833,350,2.494
esn,esn-slow (leak 0.1),9.5,A-readout,1,20260833,350,1.314
esn,esn-slow (leak 0.1),9.5,B-drive,1,20260833,350,1.314
esn,esn-slow (leak 0.1),9.5,A-readout,2,20260833,350,1.285
esn,esn-slow (leak 0.1),9.5,B-drive,2,20260833,350,1.603
esn,esn-slow (leak 0.1),9.5,A-readout,4,20260833,350,0.784
esn,esn-slow (leak 0.1),9.5,B-drive,4,20260833,350,1.842
esn,esn-slow (leak 0.1),9.5,A-readout,8,20260833,350,1.315
esn,esn-slow (leak 0.1),9.5,B-drive,8,20260833,350,2.453
mass-spring,spring-fast (omega 2.0),1.67,A-readout,1,20260833,350,5.841
mass-spring,spring-fast (omega 2.0),1.67,B-drive,1,20260833,350,5.841
mass-spring,spring-fast (omega 2.0),1.67,A-readout,2,20260833,350,2.095
mass-spring,spring-fast (omega 2.0),1.67,B-drive,2,20260833,350,3.692
mass-spring,spring-fast (omega 2.0),1.67,A-readout,4,20260833,350,1.586
mass-spring,spring-fast (omega 2.0),1.67,B-drive,4,20260833,350,2.461
mass-spring,spring-fast (omega 2.0),1.67,A-readout,8,20260833,350,0.952
mass-spring,spring-fast (omega 2.0),1.67,B-drive,8,20260833,350,1.555
mass-spring,spring-mid (omega 0.6),5.56,A-readout,1,20260833,350,3.057
mass-spring,spring-mid (omega 0.6),5.56,B-drive,1,20260833,350,3.057
mass-spring,spring-mid (omega 0.6),5.56,A-readout,2,20260833,350,4.309
mass-spring,spring-mid (omega 0.6),5.56,B-drive,2,20260833,350,4.744
mass-spring,spring-mid (omega 0.6),5.56,A-readout,4,20260833,350,1.752
mass-spring,spring-mid (omega 0.6),5.56,B-drive,4,20260833,350,5.831
mass-spring,spring-mid (omega 0.6),5.56,A-readout,8,20260833,350,1.307
mass-spring,spring-mid (omega 0.6),5.56,B-drive,8,20260833,350,3.906
mass-spring,spring-slow (omega 0.2),16.67,A-readout,1,20260833,350,1.971
mass-spring,spring-slow (omega 0.2),16.67,B-drive,1,20260833,350,1.971
mass-spring,spring-slow (omega 0.2),16.67,A-readout,2,20260833,350,2.628
mass-spring,spring-slow (omega 0.2),16.67,B-drive,2,20260833,350,2.815
mass-spring,spring-slow (omega 0.2),16.67,A-readout,4,20260833,350,1.03
mass-spring,spring-slow (omega 0.2),16.67,B-drive,4,20260833,350,3.701
mass-spring,spring-slow (omega 0.2),16.67,A-readout,8,20260833,350,0.758
mass-spring,spring-slow (omega 0.2),16.67,B-drive,8,20260833,350,6.221
esn,esn-fast (leak 1.0),1.0,A-readout,1,20260834,350,7.768
esn,esn-fast (leak 1.0),1.0,B-drive,1,20260834,350,7.768
esn,esn-fast (leak 1.0),1.0,A-readout,2,20260834,350,5.221
esn,esn-fast (leak 1.0),1.0,B-drive,2,20260834,350,6.244
esn,esn-fast (leak 1.0),1.0,A-readout,4,20260834,350,2.381
esn,esn-fast (leak 1.0),1.0,B-drive,4,20260834,350,3.626
esn,esn-fast (leak 1.0),1.0,A-readout,8,20260834,350,1.504
esn,esn-fast (leak 1.0),1.0,B-drive,8,20260834,350,2.122
esn,esn-mid (leak 0.3),2.8,A-readout,1,20260834,350,3.083
esn,esn-mid (leak 0.3),2.8,B-drive,1,20260834,350,3.083
esn,esn-mid (leak 0.3),2.8,A-readout,2,20260834,350,2.43
esn,esn-mid (leak 0.3),2.8,B-drive,2,20260834,350,4.303
esn,esn-mid (leak 0.3),2.8,A-readout,4,20260834,350,1.426
esn,esn-mid (leak 0.3),2.8,B-drive,4,20260834,350,4.972
esn,esn-mid (leak 0.3),2.8,A-readout,8,20260834,350,1.081
esn,esn-mid (leak 0.3),2.8,B-drive,8,20260834,350,4.41
esn,esn-slow (leak 0.1),9.5,A-readout,1,20260834,350,1.951
esn,esn-slow (leak 0.1),9.5,B-drive,1,20260834,350,1.951
esn,esn-slow (leak 0.1),9.5,A-readout,2,20260834,350,0.949
esn,esn-slow (leak 0.1),9.5,B-drive,2,20260834,350,2.432
esn,esn-slow (leak 0.1),9.5,A-readout,4,20260834,350,0.963
esn,esn-slow (leak 0.1),9.5,B-drive,4,20260834,350,3.215
esn,esn-slow (leak 0.1),9.5,A-readout,8,20260834,350,0.947
esn,esn-slow (leak 0.1),9.5,B-drive,8,20260834,350,4.256
mass-spring,spring-fast (omega 2.0),1.67,A-readout,1,20260834,350,6.288
mass-spring,spring-fast (omega 2.0),1.67,B-drive,1,20260834,350,6.288
mass-spring,spring-fast (omega 2.0),1.67,A-readout,2,20260834,350,3.093
mass-spring,spring-fast (omega 2.0),1.67,B-drive,2,20260834,350,3.532
mass-spring,spring-fast (omega 2.0),1.67,A-readout,4,20260834,350,1.54
mass-spring,spring-fast (omega 2.0),1.67,B-drive,4,20260834,350,2.74
mass-spring,spring-fast (omega 2.0),1.67,A-readout,8,20260834,350,1.153
mass-spring,spring-fast (omega 2.0),1.67,B-drive,8,20260834,350,1.765
mass-spring,spring-mid (omega 0.6),5.56,A-readout,1,20260834,350,4.183
mass-spring,spring-mid (omega 0.6),5.56,B-drive,1,20260834,350,4.183
mass-spring,spring-mid (omega 0.6),5.56,A-readout,2,20260834,350,3.529
mass-spring,spring-mid (omega 0.6),5.56,B-drive,2,20260834,350,6.012
mass-spring,spring-mid (omega 0.6),5.56,A-readout,4,20260834,350,1.917
mass-spring,spring-mid (omega 0.6),5.56,B-drive,4,20260834,350,5.891
mass-spring,spring-mid (omega 0.6),5.56,A-readout,8,20260834,350,1.222
mass-spring,spring-mid (omega 0.6),5.56,B-drive,8,20260834,350,3.879
mass-spring,spring-slow (omega 0.2),16.67,A-readout,1,20260834,350,1.615
mass-spring,spring-slow (omega 0.2),16.67,B-drive,1,20260834,350,1.615
mass-spring,spring-slow (omega 0.2),16.67,A-readout,2,20260834,350,1.955
mass-spring,spring-slow (omega 0.2),16.67,B-drive,2,20260834,350,3.286
mass-spring,spring-slow (omega 0.2),16.67,A-readout,4,20260834,350,1.312
mass-spring,spring-slow (omega 0.2),16.67,B-drive,4,20260834,350,4.753
mass-spring,spring-slow (omega 0.2),16.67,A-readout,8,20260834,350,0.914
mass-spring,spring-slow (omega 0.2),16.67,B-drive,8,20260834,350,6.491
esn,esn-fast (leak 1.0),1.0,A-readout,1,20260835,350,7.745
esn,esn-fast (leak 1.0),1.0,B-drive,1,20260835,350,7.745
esn,esn-fast (leak 1.0),1.0,A-readout,2,20260835,350,4.996
esn,esn-fast (leak 1.0),1.0,B-drive,2,20260835,350,4.754
esn,esn-fast (leak 1.0),1.0,A-readout,4,20260835,350,2.45
esn,esn-fast (leak 1.0),1.0,B-drive,4,20260835,350,2.777
esn,esn-fast (leak 1.0),1.0,A-readout,8,20260835,350,1.345
esn,esn-fast (leak 1.0),1.0,B-drive,8,20260835,350,1.909
esn,esn-mid (leak 0.3),2.8,A-readout,1,20260835,350,1.902
esn,esn-mid (leak 0.3),2.8,B-drive,1,20260835,350,1.902
esn,esn-mid (leak 0.3),2.8,A-readout,2,20260835,350,1.976
esn,esn-mid (leak 0.3),2.8,B-drive,2,20260835,350,2.772
esn,esn-mid (leak 0.3),2.8,A-readout,4,20260835,350,1.456
esn,esn-mid (leak 0.3),2.8,B-drive,4,20260835,350,3.624
esn,esn-mid (leak 0.3),2.8,A-readout,8,20260835,350,1.254
esn,esn-mid (leak 0.3),2.8,B-drive,8,20260835,350,3.191
esn,esn-slow (leak 0.1),9.5,A-readout,1,20260835,350,1.116
esn,esn-slow (leak 0.1),9.5,B-drive,1,20260835,350,1.116
esn,esn-slow (leak 0.1),9.5,A-readout,2,20260835,350,1.455
esn,esn-slow (leak 0.1),9.5,B-drive,2,20260835,350,1.415
esn,esn-slow (leak 0.1),9.5,A-readout,4,20260835,350,1.017
esn,esn-slow (leak 0.1),9.5,B-drive,4,20260835,350,1.97
esn,esn-slow (leak 0.1),9.5,A-readout,8,20260835,350,1.366
esn,esn-slow (leak 0.1),9.5,B-drive,8,20260835,350,2.858
mass-spring,spring-fast (omega 2.0),1.67,A-readout,1,20260835,350,6.089
mass-spring,spring-fast (omega 2.0),1.67,B-drive,1,20260835,350,6.089
mass-spring,spring-fast (omega 2.0),1.67,A-readout,2,20260835,350,3.146
mass-spring,spring-fast (omega 2.0),1.67,B-drive,2,20260835,350,3.526
mass-spring,spring-fast (omega 2.0),1.67,A-readout,4,20260835,350,2.137
mass-spring,spring-fast (omega 2.0),1.67,B-drive,4,20260835,350,2.423
mass-spring,spring-fast (omega 2.0),1.67,A-readout,8,20260835,350,1.052
mass-spring,spring-fast (omega 2.0),1.67,B-drive,8,20260835,350,1.49
mass-spring,spring-mid (omega 0.6),5.56,A-readout,1,20260835,350,2.764
mass-spring,spring-mid (omega 0.6),5.56,B-drive,1,20260835,350,2.764
mass-spring,spring-mid (omega 0.6),5.56,A-readout,2,20260835,350,2.736
mass-spring,spring-mid (omega 0.6),5.56,B-drive,2,20260835,350,5.437
mass-spring,spring-mid (omega 0.6),5.56,A-readout,4,20260835,350,2.514
mass-spring,spring-mid (omega 0.6),5.56,B-drive,4,20260835,350,5.486
mass-spring,spring-mid (omega 0.6),5.56,A-readout,8,20260835,350,1.013
mass-spring,spring-mid (omega 0.6),5.56,B-drive,8,20260835,350,3.593
mass-spring,spring-slow (omega 0.2),16.67,A-readout,1,20260835,350,1.67
mass-spring,spring-slow (omega 0.2),16.67,B-drive,1,20260835,350,1.67
mass-spring,spring-slow (omega 0.2),16.67,A-readout,2,20260835,350,1.727
mass-spring,spring-slow (omega 0.2),16.67,B-drive,2,20260835,350,1.709
mass-spring,spring-slow (omega 0.2),16.67,A-readout,4,20260835,350,1.775
mass-spring,spring-slow (omega 0.2),16.67,B-drive,4,20260835,350,3.731
mass-spring,spring-slow (omega 0.2),16.67,A-readout,8,20260835,350,1.569
mass-spring,spring-slow (omega 0.2),16.67,B-drive,8,20260835,350,6.211
esn,esn-fast (leak 1.0),1.0,A-readout,1,20260836,350,7.97
esn,esn-fast (leak 1.0),1.0,B-drive,1,20260836,350,7.97
esn,esn-fast (leak 1.0),1.0,A-readout,2,20260836,350,5.336
esn,esn-fast (leak 1.0),1.0,B-drive,2,20260836,350,6.461
esn,esn-fast (leak 1.0),1.0,A-readout,4,20260836,350,2.705
esn,esn-fast (leak 1.0),1.0,B-drive,4,20260836,350,3.367
esn,esn-fast (leak 1.0),1.0,A-readout,8,20260836,350,1.409
esn,esn-fast (leak 1.0),1.0,B-drive,8,20260836,350,2.194
esn,esn-mid (leak 0.3),2.8,A-readout,1,20260836,350,2.469
esn,esn-mid (leak 0.3),2.8,B-drive,1,20260836,350,2.469
esn,esn-mid (leak 0.3),2.8,A-readout,2,20260836,350,2.027
esn,esn-mid (leak 0.3),2.8,B-drive,2,20260836,350,3.413
esn,esn-mid (leak 0.3),2.8,A-readout,4,20260836,350,1.403
esn,esn-mid (leak 0.3),2.8,B-drive,4,20260836,350,4.055
esn,esn-mid (leak 0.3),2.8,A-readout,8,20260836,350,0.689
esn,esn-mid (leak 0.3),2.8,B-drive,8,20260836,350,3.917
esn,esn-slow (leak 0.1),9.5,A-readout,1,20260836,350,1.319
esn,esn-slow (leak 0.1),9.5,B-drive,1,20260836,350,1.319
esn,esn-slow (leak 0.1),9.5,A-readout,2,20260836,350,1.009
esn,esn-slow (leak 0.1),9.5,B-drive,2,20260836,350,1.748
esn,esn-slow (leak 0.1),9.5,A-readout,4,20260836,350,0.759
esn,esn-slow (leak 0.1),9.5,B-drive,4,20260836,350,2.525
esn,esn-slow (leak 0.1),9.5,A-readout,8,20260836,350,0.51
esn,esn-slow (leak 0.1),9.5,B-drive,8,20260836,350,3.286
mass-spring,spring-fast (omega 2.0),1.67,A-readout,1,20260836,350,6.35
mass-spring,spring-fast (omega 2.0),1.67,B-drive,1,20260836,350,6.35
mass-spring,spring-fast (omega 2.0),1.67,A-readout,2,20260836,350,3.368
mass-spring,spring-fast (omega 2.0),1.67,B-drive,2,20260836,350,3.984
mass-spring,spring-fast (omega 2.0),1.67,A-readout,4,20260836,350,1.664
mass-spring,spring-fast (omega 2.0),1.67,B-drive,4,20260836,350,2.358
mass-spring,spring-fast (omega 2.0),1.67,A-readout,8,20260836,350,0.792
mass-spring,spring-fast (omega 2.0),1.67,B-drive,8,20260836,350,1.229
mass-spring,spring-mid (omega 0.6),5.56,A-readout,1,20260836,350,4.088
mass-spring,spring-mid (omega 0.6),5.56,B-drive,1,20260836,350,4.088
mass-spring,spring-mid (omega 0.6),5.56,A-readout,2,20260836,350,4.184
mass-spring,spring-mid (omega 0.6),5.56,B-drive,2,20260836,350,5.591
mass-spring,spring-mid (omega 0.6),5.56,A-readout,4,20260836,350,2.699
mass-spring,spring-mid (omega 0.6),5.56,B-drive,4,20260836,350,6.0
mass-spring,spring-mid (omega 0.6),5.56,A-readout,8,20260836,350,0.828
mass-spring,spring-mid (omega 0.6),5.56,B-drive,8,20260836,350,3.951
mass-spring,spring-slow (omega 0.2),16.67,A-readout,1,20260836,350,1.671
mass-spring,spring-slow (omega 0.2),16.67,B-drive,1,20260836,350,1.671
mass-spring,spring-slow (omega 0.2),16.67,A-readout,2,20260836,350,1.808
mass-spring,spring-slow (omega 0.2),16.67,B-drive,2,20260836,350,3.215
mass-spring,spring-slow (omega 0.2),16.67,A-readout,4,20260836,350,1.417
mass-spring,spring-slow (omega 0.2),16.67,B-drive,4,20260836,350,4.418
mass-spring,spring-slow (omega 0.2),16.67,A-readout,8,20260836,350,0.523
mass-spring,spring-slow (omega 0.2),16.67,B-drive,8,20260836,350,6.144
esn,esn-fast (leak 1.0),1.0,A-readout,1,20260837,350,7.905
esn,esn-fast (leak 1.0),1.0,B-drive,1,20260837,350,7.905
esn,esn-fast (leak 1.0),1.0,A-readout,2,20260837,350,5.473
esn,esn-fast (leak 1.0),1.0,B-drive,2,20260837,350,5.914
esn,esn-fast (leak 1.0),1.0,A-readout,4,20260837,350,2.528
esn,esn-fast (leak 1.0),1.0,B-drive,4,20260837,350,3.2
esn,esn-fast (leak 1.0),1.0,A-readout,8,20260837,350,1.547
esn,esn-fast (leak 1.0),1.0,B-drive,8,20260837,350,1.833
esn,esn-mid (leak 0.3),2.8,A-readout,1,20260837,350,2.65
esn,esn-mid (leak 0.3),2.8,B-drive,1,20260837,350,2.65
esn,esn-mid (leak 0.3),2.8,A-readout,2,20260837,350,2.334
esn,esn-mid (leak 0.3),2.8,B-drive,2,20260837,350,3.465
esn,esn-mid (leak 0.3),2.8,A-readout,4,20260837,350,0.875
esn,esn-mid (leak 0.3),2.8,B-drive,4,20260837,350,3.984
esn,esn-mid (leak 0.3),2.8,A-readout,8,20260837,350,0.841
esn,esn-mid (leak 0.3),2.8,B-drive,8,20260837,350,3.477
esn,esn-slow (leak 0.1),9.5,A-readout,1,20260837,350,1.764
esn,esn-slow (leak 0.1),9.5,B-drive,1,20260837,350,1.764
esn,esn-slow (leak 0.1),9.5,A-readout,2,20260837,350,1.611
esn,esn-slow (leak 0.1),9.5,B-drive,2,20260837,350,2.126
esn,esn-slow (leak 0.1),9.5,A-readout,4,20260837,350,1.376
esn,esn-slow (leak 0.1),9.5,B-drive,4,20260837,350,2.653
esn,esn-slow (leak 0.1),9.5,A-readout,8,20260837,350,0.565
esn,esn-slow (leak 0.1),9.5,B-drive,8,20260837,350,3.364
mass-spring,spring-fast (omega 2.0),1.67,A-readout,1,20260837,350,5.899
mass-spring,spring-fast (omega 2.0),1.67,B-drive,1,20260837,350,5.899
mass-spring,spring-fast (omega 2.0),1.67,A-readout,2,20260837,350,3.484
mass-spring,spring-fast (omega 2.0),1.67,B-drive,2,20260837,350,3.714
mass-spring,spring-fast (omega 2.0),1.67,A-readout,4,20260837,350,1.856
mass-spring,spring-fast (omega 2.0),1.67,B-drive,4,20260837,350,2.661
mass-spring,spring-fast (omega 2.0),1.67,A-readout,8,20260837,350,1.135
mass-spring,spring-fast (omega 2.0),1.67,B-drive,8,20260837,350,1.415
mass-spring,spring-mid (omega 0.6),5.56,A-readout,1,20260837,350,4.326
mass-spring,spring-mid (omega 0.6),5.56,B-drive,1,20260837,350,4.326
mass-spring,spring-mid (omega 0.6),5.56,A-readout,2,20260837,350,4.657
mass-spring,spring-mid (omega 0.6),5.56,B-drive,2,20260837,350,5.856
mass-spring,spring-mid (omega 0.6),5.56,A-readout,4,20260837,350,1.647
mass-spring,spring-mid (omega 0.6),5.56,B-drive,4,20260837,350,5.394
mass-spring,spring-mid (omega 0.6),5.56,A-readout,8,20260837,350,1.272
mass-spring,spring-mid (omega 0.6),5.56,B-drive,8,20260837,350,3.651
mass-spring,spring-slow (omega 0.2),16.67,A-readout,1,20260837,350,2.215
mass-spring,spring-slow (omega 0.2),16.67,B-drive,1,20260837,350,2.215
mass-spring,spring-slow (omega 0.2),16.67,A-readout,2,20260837,350,1.878
mass-spring,spring-slow (omega 0.2),16.67,B-drive,2,20260837,350,3.251
mass-spring,spring-slow (omega 0.2),16.67,A-readout,4,20260837,350,0.91
mass-spring,spring-slow (omega 0.2),16.67,B-drive,4,20260837,350,4.95
mass-spring,spring-slow (omega 0.2),16.67,A-readout,8,20260837,350,0.744
mass-spring,spring-slow (omega 0.2),16.67,B-drive,8,20260837,350,6.231
esn,esn-fast (leak 1.0),1.0,A-readout,1,20260838,350,8.006
esn,esn-fast (leak 1.0),1.0,B-drive,1,20260838,350,8.006
esn,esn-fast (leak 1.0),1.0,A-readout,2,20260838,350,4.93
esn,esn-fast (leak 1.0),1.0,B-drive,2,20260838,350,6.1
esn,esn-fast (leak 1.0),1.0,A-readout,4,20260838,350,2.483
esn,esn-fast (leak 1.0),1.0,B-drive,4,20260838,350,3.433
esn,esn-fast (leak 1.0),1.0,A-readout,8,20260838,350,1.562
esn,esn-fast (leak 1.0),1.0,B-drive,8,20260838,350,1.825
esn,esn-mid (leak 0.3),2.8,A-readout,1,20260838,350,2.593
esn,esn-mid (leak 0.3),2.8,B-drive,1,20260838,350,2.593
esn,esn-mid (leak 0.3),2.8,A-readout,2,20260838,350,1.062
esn,esn-mid (leak 0.3),2.8,B-drive,2,20260838,350,3.657
esn,esn-mid (leak 0.3),2.8,A-readout,4,20260838,350,1.413
esn,esn-mid (leak 0.3),2.8,B-drive,4,20260838,350,4.476
esn,esn-mid (leak 0.3),2.8,A-readout,8,20260838,350,1.236
esn,esn-mid (leak 0.3),2.8,B-drive,8,20260838,350,3.964
esn,esn-slow (leak 0.1),9.5,A-readout,1,20260838,350,1.31
esn,esn-slow (leak 0.1),9.5,B-drive,1,20260838,350,1.31
esn,esn-slow (leak 0.1),9.5,A-readout,2,20260838,350,0.715
esn,esn-slow (leak 0.1),9.5,B-drive,2,20260838,350,1.87
esn,esn-slow (leak 0.1),9.5,A-readout,4,20260838,350,0.784
esn,esn-slow (leak 0.1),9.5,B-drive,4,20260838,350,2.579
esn,esn-slow (leak 0.1),9.5,A-readout,8,20260838,350,1.165
esn,esn-slow (leak 0.1),9.5,B-drive,8,20260838,350,3.672
mass-spring,spring-fast (omega 2.0),1.67,A-readout,1,20260838,350,5.186
mass-spring,spring-fast (omega 2.0),1.67,B-drive,1,20260838,350,5.186
mass-spring,spring-fast (omega 2.0),1.67,A-readout,2,20260838,350,3.277
mass-spring,spring-fast (omega 2.0),1.67,B-drive,2,20260838,350,3.938
mass-spring,spring-fast (omega 2.0),1.67,A-readout,4,20260838,350,1.626
mass-spring,spring-fast (omega 2.0),1.67,B-drive,4,20260838,350,2.171
mass-spring,spring-fast (omega 2.0),1.67,A-readout,8,20260838,350,0.886
mass-spring,spring-fast (omega 2.0),1.67,B-drive,8,20260838,350,1.015
mass-spring,spring-mid (omega 0.6),5.56,A-readout,1,20260838,350,4.126
mass-spring,spring-mid (omega 0.6),5.56,B-drive,1,20260838,350,4.126
mass-spring,spring-mid (omega 0.6),5.56,A-readout,2,20260838,350,2.814
mass-spring,spring-mid (omega 0.6),5.56,B-drive,2,20260838,350,5.529
mass-spring,spring-mid (omega 0.6),5.56,A-readout,4,20260838,350,1.866
mass-spring,spring-mid (omega 0.6),5.56,B-drive,4,20260838,350,4.437
mass-spring,spring-mid (omega 0.6),5.56,A-readout,8,20260838,350,1.723
mass-spring,spring-mid (omega 0.6),5.56,B-drive,8,20260838,350,4.211
mass-spring,spring-slow (omega 0.2),16.67,A-readout,1,20260838,350,1.765
mass-spring,spring-slow (omega 0.2),16.67,B-drive,1,20260838,350,1.765
mass-spring,spring-slow (omega 0.2),16.67,A-readout,2,20260838,350,0.668
mass-spring,spring-slow (omega 0.2),16.67,B-drive,2,20260838,350,2.928
mass-spring,spring-slow (omega 0.2),16.67,A-readout,4,20260838,350,1.615
mass-spring,spring-slow (omega 0.2),16.67,B-drive,4,20260838,350,4.923
mass-spring,spring-slow (omega 0.2),16.67,A-readout,8,20260838,350,1.291
mass-spring,spring-slow (omega 0.2),16.67,B-drive,8,20260838,350,5.758
esn,esn-fast (leak 1.0),1.0,A-readout,1,20260839,350,8.872
esn,esn-fast (leak 1.0),1.0,B-drive,1,20260839,350,8.872
esn,esn-fast (leak 1.0),1.0,A-readout,2,20260839,350,4.266
esn,esn-fast (leak 1.0),1.0,B-drive,2,20260839,350,5.958
esn,esn-fast (leak 1.0),1.0,A-readout,4,20260839,350,2.455
esn,esn-fast (leak 1.0),1.0,B-drive,4,20260839,350,3.471
esn,esn-fast (leak 1.0),1.0,A-readout,8,20260839,350,1.267
esn,esn-fast (leak 1.0),1.0,B-drive,8,20260839,350,1.871
esn,esn-mid (leak 0.3),2.8,A-readout,1,20260839,350,1.765
esn,esn-mid (leak 0.3),2.8,B-drive,1,20260839,350,1.765
esn,esn-mid (leak 0.3),2.8,A-readout,2,20260839,350,1.87
esn,esn-mid (leak 0.3),2.8,B-drive,2,20260839,350,2.93
esn,esn-mid (leak 0.3),2.8,A-readout,4,20260839,350,1.245
esn,esn-mid (leak 0.3),2.8,B-drive,4,20260839,350,3.522
esn,esn-mid (leak 0.3),2.8,A-readout,8,20260839,350,0.914
esn,esn-mid (leak 0.3),2.8,B-drive,8,20260839,350,3.113
esn,esn-slow (leak 0.1),9.5,A-readout,1,20260839,350,1.319
esn,esn-slow (leak 0.1),9.5,B-drive,1,20260839,350,1.319
esn,esn-slow (leak 0.1),9.5,A-readout,2,20260839,350,0.903
esn,esn-slow (leak 0.1),9.5,B-drive,2,20260839,350,1.343
esn,esn-slow (leak 0.1),9.5,A-readout,4,20260839,350,0.901
esn,esn-slow (leak 0.1),9.5,B-drive,4,20260839,350,1.929
esn,esn-slow (leak 0.1),9.5,A-readout,8,20260839,350,1.065
esn,esn-slow (leak 0.1),9.5,B-drive,8,20260839,350,2.943
mass-spring,spring-fast (omega 2.0),1.67,A-readout,1,20260839,350,6.658
mass-spring,spring-fast (omega 2.0),1.67,B-drive,1,20260839,350,6.658
mass-spring,spring-fast (omega 2.0),1.67,A-readout,2,20260839,350,2.301
mass-spring,spring-fast (omega 2.0),1.67,B-drive,2,20260839,350,4.495
mass-spring,spring-fast (omega 2.0),1.67,A-readout,4,20260839,350,2.05
mass-spring,spring-fast (omega 2.0),1.67,B-drive,4,20260839,350,2.305
mass-spring,spring-fast (omega 2.0),1.67,A-readout,8,20260839,350,0.955
mass-spring,spring-fast (omega 2.0),1.67,B-drive,8,20260839,350,1.392
mass-spring,spring-mid (omega 0.6),5.56,A-readout,1,20260839,350,2.719
mass-spring,spring-mid (omega 0.6),5.56,B-drive,1,20260839,350,2.719
mass-spring,spring-mid (omega 0.6),5.56,A-readout,2,20260839,350,3.198
mass-spring,spring-mid (omega 0.6),5.56,B-drive,2,20260839,350,5.983
mass-spring,spring-mid (omega 0.6),5.56,A-readout,4,20260839,350,1.218
mass-spring,spring-mid (omega 0.6),5.56,B-drive,4,20260839,350,6.304
mass-spring,spring-mid (omega 0.6),5.56,A-readout,8,20260839,350,1.357
mass-spring,spring-mid (omega 0.6),5.56,B-drive,8,20260839,350,4.196
mass-spring,spring-slow (omega 0.2),16.67,A-readout,1,20260839,350,1.677
mass-spring,spring-slow (omega 0.2),16.67,B-drive,1,20260839,350,1.677
mass-spring,spring-slow (omega 0.2),16.67,A-readout,2,20260839,350,2.307
mass-spring,spring-slow (omega 0.2),16.67,B-drive,2,20260839,350,1.827
mass-spring,spring-slow (omega 0.2),16.67,A-readout,4,20260839,350,1.66
mass-spring,spring-slow (omega 0.2),16.67,B-drive,4,20260839,350,3.306
mass-spring,spring-slow (omega 0.2),16.67,A-readout,8,20260839,350,0.99
mass-spring,spring-slow (omega 0.2),16.67,B-drive,8,20260839,350,6.747
