arm,omega,band_k,period_drive_steps,tau_drive_steps,samples_per_period,aliased,seed,n,ipc
A-readout,0.12,1,52.3599,27.7778,52.3599,0,20260830,350,1.109
B-drive,0.12,1,52.3599,27.7778,52.3599,0,20260830,350,1.109
A-readout,0.12,2,52.3599,27.7778,26.1799,0,20260830,350,1.715
B-drive,0.12,2,52.3599,27.7778,26.1799,0,20260830,350,1.959
A-readout,0.12,3,52.3599,27.7778,17.4533,0,20260830,350,1.056
B-drive,0.12,3,52.3599,27.7778,17.4533,0,20260830,350,2.886
A-readout,0.12,4,52.3599,27.7778,13.09,0,20260830,350,1.276
B-drive,0.12,4,52.3599,27.7778,13.09,0,20260830,350,3.688
A-readout,0.12,6,52.3599,27.7778,8.7266,0,20260830,350,1.028
B-drive,0.12,6,52.3599,27.7778,8.7266,0,20260830,350,4.986
A-readout,0.12,8,52.3599,27.7778,6.545,0,20260830,350,1.638
B-drive,0.12,8,52.3599,27.7778,6.545,0,20260830,350,5.194
A-readout,0.12,12,52.3599,27.7778,4.3633,0,20260830,350,1.081
B-drive,0.12,12,52.3599,27.7778,4.3633,0,20260830,350,6.575
A-readout,0.12,16,52.3599,27.7778,3.2725,0,20260830,350,1.058
B-drive,0.12,16,52.3599,27.7778,3.2725,0,20260830,350,6.191
A-readout,0.155,1,40.5367,21.5054,40.5367,0,20260830,350,1.473
B-drive,0.155,1,40.5367,21.5054,40.5367,0,20260830,350,1.473
A-readout,0.155,2,40.5367,21.5054,20.2683,0,20260830,350,2.235
B-drive,0.155,2,40.5367,21.5054,20.2683,0,20260830,350,2.69
A-readout,0.155,3,40.5367,21.5054,13.5122,0,20260830,350,1.335
B-drive,0.155,3,40.5367,21.5054,13.5122,0,20260830,350,3.549
A-readout,0.155,4,40.5367,21.5054,10.1342,0,20260830,350,1.203
B-drive,0.155,4,40.5367,21.5054,10.1342,0,20260830,350,4.844
A-readout,0.155,6,40.5367,21.5054,6.7561,0,20260830,350,1.196
B-drive,0.155,6,40.5367,21.5054,6.7561,0,20260830,350,5.128
A-readout,0.155,8,40.5367,21.5054,5.0671,0,20260830,350,1.387
B-drive,0.155,8,40.5367,21.5054,5.0671,0,20260830,350,5.997
A-readout,0.155,12,40.5367,21.5054,3.3781,0,20260830,350,1.15
B-drive,0.155,12,40.5367,21.5054,3.3781,0,20260830,350,6.245
A-readout,0.155,16,40.5367,21.5054,2.5335,0,20260830,350,0.986
B-drive,0.155,16,40.5367,21.5054,2.5335,0,20260830,350,4.992
A-readout,0.2001,1,31.4002,16.6583,31.4002,0,20260830,350,1.687
B-drive,0.2001,1,31.4002,16.6583,31.4002,0,20260830,350,1.687
A-readout,0.2001,2,31.4002,16.6583,15.7001,0,20260830,350,2.736
B-drive,0.2001,2,31.4002,16.6583,15.7001,0,20260830,350,3.057
A-readout,0.2001,3,31.4002,16.6583,10.4667,0,20260830,350,1.394
B-drive,0.2001,3,31.4002,16.6583,10.4667,0,20260830,350,4.733
A-readout,0.2001,4,31.4002,16.6583,7.8501,0,20260830,350,1.501
B-drive,0.2001,4,31.4002,16.6583,7.8501,0,20260830,350,4.994
A-readout,0.2001,6,31.4002,16.6583,5.2334,0,20260830,350,1.595
B-drive,0.2001,6,31.4002,16.6583,5.2334,0,20260830,350,5.894
A-readout,0.2001,8,31.4002,16.6583,3.925,0,20260830,350,1.452
B-drive,0.2001,8,31.4002,16.6583,3.925,0,20260830,350,6.626
A-readout,0.2001,12,31.4002,16.6583,2.6167,0,20260830,350,1.132
B-drive,0.2001,12,31.4002,16.6583,2.6167,0,20260830,350,5.213
A-readout,0.2001,16,31.4002,16.6583,1.9625,1,20260830,350,1.016
B-drive,0.2001,16,31.4002,16.6583,1.9625,1,20260830,350,4.308
A-readout,0.2585,1,24.3063,12.8949,24.3063,0,20260830,350,2.171
B-drive,0.2585,1,24.3063,12.8949,24.3063,0,20260830,350,2.171
A-readout,0.2585,2,24.3063,12.8949,12.1532,0,20260830,350,2.795
B-drive,0.2585,2,24.3063,12.8949,12.1532,0,20260830,350,4.13
A-readout,0.2585,3,24.3063,12.8949,8.1021,0,20260830,350,1.698
B-drive,0.2585,3,24.3063,12.8949,8.1021,0,20260830,350,5.011
A-readout,0.2585,4,24.3063,12.8949,6.0766,0,20260830,350,1.71
B-drive,0.2585,4,24.3063,12.8949,6.0766,0,20260830,350,5.481
A-readout,0.2585,6,24.3063,12.8949,4.0511,0,20260830,350,2.148
B-drive,0.2585,6,24.3063,12.8949,4.0511,0,20260830,350,6.687
A-readout,0.2585,8,24.3063,12.8949,3.0383,0,20260830,350,1.898
B-drive,0.2585,8,24.3063,12.8949,3.0383,0,20260830,350,5.979
A-readout,0.2585,12,24.3063,12.8949,2.0255,0,20260830,350,1.542
B-drive,0.2585,12,24.3063,12.8949,2.0255,0,20260830,350,4.371
A-readout,0.2585,16,24.3063,12.8949,1.5191,1,20260830,350,0.785
B-drive,0.2585,16,24.3063,12.8949,1.5191,1,20260830,350,3.853
A-readout,0.3338,1,18.8232,9.986,18.8232,0,20260830,350,2.884
B-drive,0.3338,1,18.8232,9.986,18.8232,0,20260830,350,2.884
A-readout,0.3338,2,18.8232,9.986,9.4116,0,20260830,350,3.076
B-drive,0.3338,2,18.8232,9.986,9.4116,0,20260830,350,4.964
A-readout,0.3338,3,18.8232,9.986,6.2744,0,20260830,350,2.129
B-drive,0.3338,3,18.8232,9.986,6.2744,0,20260830,350,5.385
A-readout,0.3338,4,18.8232,9.986,4.7058,0,20260830,350,1.466
B-drive,0.3338,4,18.8232,9.986,4.7058,0,20260830,350,6.381
A-readout,0.3338,6,18.8232,9.986,3.1372,0,20260830,350,2.173
B-drive,0.3338,6,18.8232,9.986,3.1372,0,20260830,350,6.129
A-readout,0.3338,8,18.8232,9.986,2.3529,0,20260830,350,1.755
B-drive,0.3338,8,18.8232,9.986,2.3529,0,20260830,350,4.616
A-readout,0.3338,12,18.8232,9.986,1.5686,1,20260830,350,1.535
B-drive,0.3338,12,18.8232,9.986,1.5686,1,20260830,350,3.844
A-readout,0.3338,16,18.8232,9.986,1.1765,1,20260830,350,0.987
B-drive,0.3338,16,18.8232,9.986,1.1765,1,20260830,350,3.534
A-readout,0.4311,1,14.5748,7.7322,14.5748,0,20260830,350,3.33
B-drive,0.4311,1,14.5748,7.7322,14.5748,0,20260830,350,3.33
A-readout,0.4311,2,14.5748,7.7322,7.2874,0,20260830,350,3.023
B-drive,0.4311,2,14.5748,7.7322,7.2874,0,20260830,350,5.039
A-readout,0.4311,3,14.5748,7.7322,4.8583,0,20260830,350,3.257
B-drive,0.4311,3,14.5748,7.7322,4.8583,0,20260830,350,6.29
A-readout,0.4311,4,14.5748,7.7322,3.6437,0,20260830,350,1.847
B-drive,0.4311,4,14.5748,7.7322,3.6437,0,20260830,350,6.499
A-readout,0.4311,6,14.5748,7.7322,2.4291,0,20260830,350,2.219
B-drive,0.4311,6,14.5748,7.7322,2.4291,0,20260830,350,4.716
A-readout,0.4311,8,14.5748,7.7322,1.8218,1,20260830,350,1.806
B-drive,0.4311,8,14.5748,7.7322,1.8218,1,20260830,350,4.081
A-readout,0.4311,12,14.5748,7.7322,1.2146,1,20260830,350,1.703
B-drive,0.4311,12,14.5748,7.7322,1.2146,1,20260830,350,3.59
A-readout,0.4311,16,14.5748,7.7322,0.9109,1,20260830,350,1.063
B-drive,0.4311,16,14.5748,7.7322,0.9109,1,20260830,350,2.795
A-readout,0.5567,1,11.2865,5.9877,11.2865,0,20260830,350,4.511
B-drive,0.5567,1,11.2865,5.9877,11.2865,0,20260830,350,4.511
A-readout,0.5567,2,11.2865,5.9877,5.6432,0,20260830,350,2.903
B-drive,0.5567,2,11.2865,5.9877,5.6432,0,20260830,350,5.781
A-readout,0.5567,3,11.2865,5.9877,3.7622,0,20260830,350,3.553
B-drive,0.5567,3,11.2865,5.9877,3.7622,0,20260830,350,6.541
A-readout,0.5567,4,11.2865,5.9877,2.8216,0,20260830,350,1.84
B-drive,0.5567,4,11.2865,5.9877,2.8216,0,20260830,350,5.56
A-readout,0.5567,6,11.2865,5.9877,1.8811,1,20260830,350,2.251
B-drive,0.5567,6,11.2865,5.9877,1.8811,1,20260830,350,4.133
A-readout,0.5567,8,11.2865,5.9877,1.4108,1,20260830,350,1.576
B-drive,0.5567,8,11.2865,5.9877,1.4108,1,20260830,350,3.669
A-readout,0.5567,12,11.2865,5.9877,0.9405,1,20260830,350,1.565
B-drive,0.5567,12,11.2865,5.9877,0.9405,1,20260830,350,2.872
A-readout,0.5567,16,11.2865,5.9877,0.7054,1,20260830,350,1.136
B-drive,0.5567,16,11.2865,5.9877,0.7054,1,20260830,350,2.16
A-readout,0.719,1,8.7388,4.6361,8.7388,0,20260830,350,5.019
B-drive,0.719,1,8.7388,4.6361,8.7388,0,20260830,350,5.019
A-readout,0.719,2,8.7388,4.6361,4.3694,0,20260830,350,3.284
B-drive,0.719,2,8.7388,4.6361,4.3694,0,20260830,350,6.667
A-readout,0.719,3,8.7388,4.6361,2.9129,0,20260830,350,3.574
B-drive,0.719,3,8.7388,4.6361,2.9129,0,20260830,350,5.662
A-readout,0.719,4,8.7388,4.6361,2.1847,0,20260830,350,1.918
B-drive,0.719,4,8.7388,4.6361,2.1847,0,20260830,350,4.493
A-readout,0.719,6,8.7388,4.6361,1.4565,1,20260830,350,1.982
B-drive,0.719,6,8.7388,4.6361,1.4565,1,20260830,350,3.694
A-readout,0.719,8,8.7388,4.6361,1.0923,1,20260830,350,1.292
B-drive,0.719,8,8.7388,4.6361,1.0923,1,20260830,350,3.206
A-readout,0.719,12,8.7388,4.6361,0.7282,1,20260830,350,1.331
B-drive,0.719,12,8.7388,4.6361,0.7282,1,20260830,350,2.266
A-readout,0.719,16,8.7388,4.6361,0.5462,1,20260830,350,0.908
B-drive,0.719,16,8.7388,4.6361,0.5462,1,20260830,350,1.454
A-readout,0.9285,1,6.767,3.59,6.767,0,20260830,350,5.306
B-drive,0.9285,1,6.767,3.59,6.767,0,20260830,350,5.306
A-readout,0.9285,2,6.767,3.59,3.3835,0,20260830,350,3.014
B-drive,0.9285,2,6.767,3.59,3.3835,0,20260830,350,6.196
A-readout,0.9285,3,6.767,3.59,2.2557,0,20260830,350,3.46
B-drive,0.9285,3,6.767,3.59,2.2557,0,20260830,350,4.567
A-readout,0.9285,4,6.767,3.59,1.6918,1,20260830,350,1.614
B-drive,0.9285,4,6.767,3.59,1.6918,1,20260830,350,3.783
A-readout,0.9285,6,6.767,3.59,1.1278,1,20260830,350,1.732
B-drive,0.9285,6,6.767,3.59,1.1278,1,20260830,350,3.275
A-readout,0.9285,8,6.767,3.59,0.8459,1,20260830,350,1.242
B-drive,0.9285,8,6.767,3.59,0.8459,1,20260830,350,2.571
A-readout,0.9285,12,6.767,3.59,0.5639,1,20260830,350,1.006
B-drive,0.9285,12,6.767,3.59,0.5639,1,20260830,350,1.466
A-readout,0.9285,16,6.767,3.59,0.4229,1,20260830,350,0.668
B-drive,0.9285,16,6.767,3.59,0.4229,1,20260830,350,1.396
A-readout,1.1992,1,5.2395,2.7796,5.2395,0,20260830,350,6.343
B-drive,1.1992,1,5.2395,2.7796,5.2395,0,20260830,350,6.343
A-readout,1.1992,2,5.2395,2.7796,2.6197,0,20260830,350,3.135
B-drive,1.1992,2,5.2395,2.7796,2.6197,0,20260830,350,5.048
A-readout,1.1992,3,5.2395,2.7796,1.7465,1,20260830,350,2.863
B-drive,1.1992,3,5.2395,2.7796,1.7465,1,20260830,350,3.777
A-readout,1.1992,4,5.2395,2.7796,1.3099,1,20260830,350,1.681
B-drive,1.1992,4,5.2395,2.7796,1.3099,1,20260830,350,3.529
A-readout,1.1992,6,5.2395,2.7796,0.8732,1,20260830,350,1.219
B-drive,1.1992,6,5.2395,2.7796,0.8732,1,20260830,350,2.587
A-readout,1.1992,8,5.2395,2.7796,0.6549,1,20260830,350,1.155
B-drive,1.1992,8,5.2395,2.7796,0.6549,1,20260830,350,1.793
A-readout,1.1992,12,5.2395,2.7796,0.4366,1,20260830,350,0.874
B-drive,1.1992,12,5.2395,2.7796,0.4366,1,20260830,350,1.392
A-readout,1.1992,16,5.2395,2.7796,0.3275,1,20260830,350,0.562
B-drive,1.1992,16,5.2395,2.7796,0.3275,1,20260830,350,1.07
A-readout,1.5486,1,4.0573,2.1525,4.0573,0,20260830,350,6.53
B-drive,1.5486,1,4.0573,2.1525,4.0573,0,20260830,350,6.53
A-readout,1.5486,2,4.0573,2.1525,2.0287,0,20260830,350,3.008
B-drive,1.5486,2,4.0573,2.1525,2.0287,0,20260830,350,4.147
A-readout,1.5486,3,4.0573,2.1525,1.3524,1,20260830,350,2.391
B-drive,1.5486,3,4.0573,2.1525,1.3524,1,20260830,350,3.485
A-readout,1.5486,4,4.0573,2.1525,1.0143,1,20260830,350,1.746
B-drive,1.5486,4,4.0573,2.1525,1.0143,1,20260830,350,2.87
A-readout,1.5486,6,4.0573,2.1525,0.6762,1,20260830,350,0.969
B-drive,1.5486,6,4.0573,2.1525,0.6762,1,20260830,350,1.786
A-readout,1.5486,8,4.0573,2.1525,0.5072,1,20260830,350,1.105
B-drive,1.5486,8,4.0573,2.1525,0.5072,1,20260830,350,1.415
A-readout,1.5486,12,4.0573,2.1525,0.3381,1,20260830,350,0.561
B-drive,1.5486,12,4.0573,2.1525,0.3381,1,20260830,350,1.076
A-readout,1.5486,16,4.0573,2.1525,0.2536,1,20260830,350,0.499
B-drive,1.5486,16,4.0573,2.1525,0.2536,1,20260830,350,0.42
A-readout,2.0,1,3.1416,1.6667,3.1416,0,20260830,350,5.847
B-drive,2.0,1,3.1416,1.6667,3.1416,0,20260830,350,5.847
A-readout,2.0,2,3.1416,1.6667,1.5708,1,20260830,350,2.325
B-drive,2.0,2,3.1416,1.6667,1.5708,1,20260830,350,3.507
A-readout,2.0,3,3.1416,1.6667,1.0472,1,20260830,350,1.775
B-drive,2.0,3,3.1416,1.6667,1.0472,1,20260830,350,2.852
A-readout,2.0,4,3.1416,1.6667,0.7854,1,20260830,350,1.401
B-drive,2.0,4,3.1416,1.6667,0.7854,1,20260830,350,2.299
A-readout,2.0,6,3.1416,1.6667,0.5236,1,20260830,350,0.992
B-drive,2.0,6,3.1416,1.6667,0.5236,1,20260830,350,1.404
A-readout,2.0,8,3.1416,1.6667,0.3927,1,20260830,350,0.773
B-drive,2.0,8,3.1416,1.6667,0.3927,1,20260830,350,1.147
A-readout,2.0,12,3.1416,1.6667,0.2618,1,20260830,350,0.513
B-drive,2.0,12,3.1416,1.6667,0.2618,1,20260830,350,0.421
A-readout,2.0,16,3.1416,1.6667,0.1963,1,20260830,350,0.659
B-drive,2.0,16,3.1416,1.6667,0.1963,1,20260830,350,0.414
A-readout,0.12,1,52.3599,27.7778,52.3599,0,20260831,350,1.327
B-drive,0.12,1,52.3599,27.7778,52.3599,0,20260831,350,1.327
A-readout,0.12,2,52.3599,27.7778,26.1799,0,20260831,350,0.62
B-drive,0.12,2,52.3599,27.7778,26.1799,0,20260831,350,2.284
A-readout,0.12,3,52.3599,27.7778,17.4533,0,20260831,350,1.578
B-drive,0.12,3,52.3599,27.7778,17.4533,0,20260831,350,3.293
A-readout,0.12,4,52.3599,27.7778,13.09,0,20260831,350,0.811
B-drive,0.12,4,52.3599,27.7778,13.09,0,20260831,350,3.889
A-readout,0.12,6,52.3599,27.7778,8.7266,0,20260831,350,0.936
B-drive,0.12,6,52.3599,27.7778,8.7266,0,20260831,350,4.374
A-readout,0.12,8,52.3599,27.7778,6.545,0,20260831,350,1.506
B-drive,0.12,8,52.3599,27.7778,6.545,0,20260831,350,3.945
A-readout,0.12,12,52.3599,27.7778,4.3633,0,20260831,350,0.317
B-drive,0.12,12,52.3599,27.7778,4.3633,0,20260831,350,5.407
A-readout,0.12,16,52.3599,27.7778,3.2725,0,20260831,350,0.778
B-drive,0.12,16,52.3599,27.7778,3.2725,0,20260831,350,5.676
A-readout,0.155,1,40.5367,21.5054,40.5367,0,20260831,350,1.437
B-drive,0.155,1,40.5367,21.5054,40.5367,0,20260831,350,1.437
A-readout,0.155,2,40.5367,21.5054,20.2683,0,20260831,350,0.893
B-drive,0.155,2,40.5367,21.5054,20.2683,0,20260831,350,2.954
A-readout,0.155,3,40.5367,21.5054,13.5122,0,20260831,350,2.018
B-drive,0.155,3,40.5367,21.5054,13.5122,0,20260831,350,3.856
A-readout,0.155,4,40.5367,21.5054,10.1342,0,20260831,350,0.959
B-drive,0.155,4,40.5367,21.5054,10.1342,0,20260831,350,4.236
A-readout,0.155,6,40.5367,21.5054,6.7561,0,20260831,350,0.968
B-drive,0.155,6,40.5367,21.5054,6.7561,0,20260831,350,3.933
A-readout,0.155,8,40.5367,21.5054,5.0671,0,20260831,350,1.726
B-drive,0.155,8,40.5367,21.5054,5.0671,0,20260831,350,4.656
A-readout,0.155,12,40.5367,21.5054,3.3781,0,20260831,350,0.495
B-drive,0.155,12,40.5367,21.5054,3.3781,0,20260831,350,5.702
A-readout,0.155,16,40.5367,21.5054,2.5335,0,20260831,350,1.102
B-drive,0.155,16,40.5367,21.5054,2.5335,0,20260831,350,5.846
A-readout,0.2001,1,31.4002,16.6583,31.4002,0,20260831,350,1.958
B-drive,0.2001,1,31.4002,16.6583,31.4002,0,20260831,350,1.958
A-readout,0.2001,2,31.4002,16.6583,15.7001,0,20260831,350,1.175
B-drive,0.2001,2,31.4002,16.6583,15.7001,0,20260831,350,3.524
A-readout,0.2001,3,31.4002,16.6583,10.4667,0,20260831,350,2.389
B-drive,0.2001,3,31.4002,16.6583,10.4667,0,20260831,350,4.162
A-readout,0.2001,4,31.4002,16.6583,7.8501,0,20260831,350,1.263
B-drive,0.2001,4,31.4002,16.6583,7.8501,0,20260831,350,4.144
A-readout,0.2001,6,31.4002,16.6583,5.2334,0,20260831,350,0.964
B-drive,0.2001,6,31.4002,16.6583,5.2334,0,20260831,350,4.474
A-readout,0.2001,8,31.4002,16.6583,3.925,0,20260831,350,1.57
B-drive,0.2001,8,31.4002,16.6583,3.925,0,20260831,350,5.775
A-readout,0.2001,12,31.4002,16.6583,2.6167,0,20260831,350,0.533
B-drive,0.2001,12,31.4002,16.6583,2.6167,0,20260831,350,5.863
A-readout,0.2001,16,31.4002,16.6583,1.9625,1,20260831,350,1.293
B-drive,0.2001,16,31.4002,16.6583,1.9625,1,20260831,350,5.299
A-readout,0.2585,1,24.3063,12.8949,24.3063,0,20260831,350,2.501
B-drive,0.2585,1,24.3063,12.8949,24.3063,0,20260831,350,2.501
A-readout,0.2585,2,24.3063,12.8949,12.1532,0,20260831,350,1.778
B-drive,0.2585,2,24.3063,12.8949,12.1532,0,20260831,350,3.916
A-readout,0.2585,3,24.3063,12.8949,8.1021,0,20260831,350,2.531
B-drive,0.2585,3,24.3063,12.8949,8.1021,0,20260831,350,4.212
A-readout,0.2585,4,24.3063,12.8949,6.0766,0,20260831,350,1.395
B-drive,0.2585,4,24.3063,12.8949,6.0766,0,20260831,350,3.972
A-readout,0.2585,6,24.3063,12.8949,4.0511,0,20260831,350,1.263
B-drive,0.2585,6,24.3063,12.8949,4.0511,0,20260831,350,5.718
A-readout,0.2585,8,24.3063,12.8949,3.0383,0,20260831,350,1.367
B-drive,0.2585,8,24.3063,12.8949,3.0383,0,20260831,350,5.815
A-readout,0.2585,12,24.3063,12.8949,2.0255,0,20260831,350,0.585
B-drive,0.2585,12,24.3063,12.8949,2.0255,0,20260831,350,5.41
A-readout,0.2585,16,24.3063,12.8949,1.5191,1,20260831,350,1.243
B-drive,0.2585,16,24.3063,12.8949,1.5191,1,20260831,350,4.307
A-readout,0.3338,1,18.8232,9.986,18.8232,0,20260831,350,3.169
B-drive,0.3338,1,18.8232,9.986,18.8232,0,20260831,350,3.169
A-readout,0.3338,2,18.8232,9.986,9.4116,0,20260831,350,2.141
B-drive,0.3338,2,18.8232,9.986,9.4116,0,20260831,350,4.376
A-readout,0.3338,3,18.8232,9.986,6.2744,0,20260831,350,2.688
B-drive,0.3338,3,18.8232,9.986,6.2744,0,20260831,350,3.954
A-readout,0.3338,4,18.8232,9.986,4.7058,0,20260831,350,1.351
B-drive,0.3338,4,18.8232,9.986,4.7058,0,20260831,350,5.111
A-readout,0.3338,6,18.8232,9.986,3.1372,0,20260831,350,1.677
B-drive,0.3338,6,18.8232,9.986,3.1372,0,20260831,350,5.752
A-readout,0.3338,8,18.8232,9.986,2.3529,0,20260831,350,1.09
B-drive,0.3338,8,18.8232,9.986,2.3529,0,20260831,350,5.597
A-readout,0.3338,12,18.8232,9.986,1.5686,1,20260831,350,0.776
B-drive,0.3338,12,18.8232,9.986,1.5686,1,20260831,350,4.46
A-readout,0.3338,16,18.8232,9.986,1.1765,1,20260831,350,1.103
B-drive,0.3338,16,18.8232,9.986,1.1765,1,20260831,350,3.953
A-readout,0.4311,1,14.5748,7.7322,14.5748,0,20260831,350,3.726
B-drive,0.4311,1,14.5748,7.7322,14.5748,0,20260831,350,3.726
A-readout,0.4311,2,14.5748,7.7322,7.2874,0,20260831,350,2.361
B-drive,0.4311,2,14.5748,7.7322,7.2874,0,20260831,350,3.95
A-readout,0.4311,3,14.5748,7.7322,4.8583,0,20260831,350,2.562
B-drive,0.4311,3,14.5748,7.7322,4.8583,0,20260831,350,4.993
A-readout,0.4311,4,14.5748,7.7322,3.6437,0,20260831,350,1.439
B-drive,0.4311,4,14.5748,7.7322,3.6437,0,20260831,350,5.804
A-readout,0.4311,6,14.5748,7.7322,2.4291,0,20260831,350,1.765
B-drive,0.4311,6,14.5748,7.7322,2.4291,0,20260831,350,5.722
A-readout,0.4311,8,14.5748,7.7322,1.8218,1,20260831,350,1.13
B-drive,0.4311,8,14.5748,7.7322,1.8218,1,20260831,350,5.002
A-readout,0.4311,12,14.5748,7.7322,1.2146,1,20260831,350,1.052
B-drive,0.4311,12,14.5748,7.7322,1.2146,1,20260831,350,3.95
A-readout,0.4311,16,14.5748,7.7322,0.9109,1,20260831,350,1.049
B-drive,0.4311,16,14.5748,7.7322,0.9109,1,20260831,350,3.087
A-readout,0.5567,1,11.2865,5.9877,11.2865,0,20260831,350,4.035
B-drive,0.5567,1,11.2865,5.9877,11.2865,0,20260831,350,4.035
A-readout,0.5567,2,11.2865,5.9877,5.6432,0,20260831,350,2.629
B-drive,0.5567,2,11.2865,5.9877,5.6432,0,20260831,350,4.221
A-readout,0.5567,3,11.2865,5.9877,3.7622,0,20260831,350,2.554
B-drive,0.5567,3,11.2865,5.9877,3.7622,0,20260831,350,5.803
A-readout,0.5567,4,11.2865,5.9877,2.8216,0,20260831,350,1.696
B-drive,0.5567,4,11.2865,5.9877,2.8216,0,20260831,350,5.872
A-readout,0.5567,6,11.2865,5.9877,1.8811,1,20260831,350,1.525
B-drive,0.5567,6,11.2865,5.9877,1.8811,1,20260831,350,5.151
A-readout,0.5567,8,11.2865,5.9877,1.4108,1,20260831,350,1.136
B-drive,0.5567,8,11.2865,5.9877,1.4108,1,20260831,350,4.184
A-readout,0.5567,12,11.2865,5.9877,0.9405,1,20260831,350,1.023
B-drive,0.5567,12,11.2865,5.9877,0.9405,1,20260831,350,3.156
A-readout,0.5567,16,11.2865,5.9877,0.7054,1,20260831,350,1.028
B-drive,0.5567,16,11.2865,5.9877,0.7054,1,20260831,350,2.501
A-readout,0.719,1,8.7388,4.6361,8.7388,0,20260831,350,4.268
B-drive,0.719,1,8.7388,4.6361,8.7388,0,20260831,350,4.268
A-readout,0.719,2,8.7388,4.6361,4.3694,0,20260831,350,3.026
B-drive,0.719,2,8.7388,4.6361,4.3694,0,20260831,350,5.576
A-readout,0.719,3,8.7388,4.6361,2.9129,0,20260831,350,2.378
B-drive,0.719,3,8.7388,4.6361,2.9129,0,20260831,350,5.85
A-readout,0.719,4,8.7388,4.6361,2.1847,0,20260831,350,1.889
B-drive,0.719,4,8.7388,4.6361,2.1847,0,20260831,350,5.533
A-readout,0.719,6,8.7388,4.6361,1.4565,1,20260831,350,1.332
B-drive,0.719,6,8.7388,4.6361,1.4565,1,20260831,350,4.139
A-readout,0.719,8,8.7388,4.6361,1.0923,1,20260831,350,1.25
B-drive,0.719,8,8.7388,4.6361,1.0923,1,20260831,350,3.541
A-readout,0.719,12,8.7388,4.6361,0.7282,1,20260831,350,0.956
B-drive,0.719,12,8.7388,4.6361,0.7282,1,20260831,350,2.582
A-readout,0.719,16,8.7388,4.6361,0.5462,1,20260831,350,0.942
B-drive,0.719,16,8.7388,4.6361,0.5462,1,20260831,350,1.796
A-readout,0.9285,1,6.767,3.59,6.767,0,20260831,350,3.954
B-drive,0.9285,1,6.767,3.59,6.767,0,20260831,350,3.954
A-readout,0.9285,2,6.767,3.59,3.3835,0,20260831,350,3.018
B-drive,0.9285,2,6.767,3.59,3.3835,0,20260831,350,5.64
A-readout,0.9285,3,6.767,3.59,2.2557,0,20260831,350,2.496
B-drive,0.9285,3,6.767,3.59,2.2557,0,20260831,350,5.523
A-readout,0.9285,4,6.767,3.59,1.6918,1,20260831,350,1.908
B-drive,0.9285,4,6.767,3.59,1.6918,1,20260831,350,4.602
A-readout,0.9285,6,6.767,3.59,1.1278,1,20260831,350,1.063
B-drive,0.9285,6,6.767,3.59,1.1278,1,20260831,350,3.742
A-readout,0.9285,8,6.767,3.59,0.8459,1,20260831,350,1.287
B-drive,0.9285,8,6.767,3.59,0.8459,1,20260831,350,2.871
A-readout,0.9285,12,6.767,3.59,0.5639,1,20260831,350,1.041
B-drive,0.9285,12,6.767,3.59,0.5639,1,20260831,350,1.751
A-readout,0.9285,16,6.767,3.59,0.4229,1,20260831,350,0.677
B-drive,0.9285,16,6.767,3.59,0.4229,1,20260831,350,1.623
A-readout,1.1992,1,5.2395,2.7796,5.2395,0,20260831,350,5.026
B-drive,1.1992,1,5.2395,2.7796,5.2395,0,20260831,350,5.026
A-readout,1.1992,2,5.2395,2.7796,2.6197,0,20260831,350,3.42
B-drive,1.1992,2,5.2395,2.7796,2.6197,0,20260831,350,5.789
A-readout,1.1992,3,5.2395,2.7796,1.7465,1,20260831,350,2.371
B-drive,1.1992,3,5.2395,2.7796,1.7465,1,20260831,350,4.603
A-readout,1.1992,4,5.2395,2.7796,1.3099,1,20260831,350,1.735
B-drive,1.1992,4,5.2395,2.7796,1.3099,1,20260831,350,3.888
A-readout,1.1992,6,5.2395,2.7796,0.8732,1,20260831,350,0.917
B-drive,1.1992,6,5.2395,2.7796,0.8732,1,20260831,350,2.866
A-readout,1.1992,8,5.2395,2.7796,0.6549,1,20260831,350,1.145
B-drive,1.1992,8,5.2395,2.7796,0.6549,1,20260831,350,2.219
A-readout,1.1992,12,5.2395,2.7796,0.4366,1,20260831,350,1.086
B-drive,1.1992,12,5.2395,2.7796,0.4366,1,20260831,350,1.653
A-readout,1.1992,16,5.2395,2.7796,0.3275,1,20260831,350,0.785
B-drive,1.1992,16,5.2395,2.7796,0.3275,1,20260831,350,1.482
A-readout,1.5486,1,4.0573,2.1525,4.0573,0,20260831,350,5.719
B-drive,1.5486,1,4.0573,2.1525,4.0573,0,20260831,350,5.719
A-readout,1.5486,2,4.0573,2.1525,2.0287,0,20260831,350,3.333
B-drive,1.5486,2,4.0573,2.1525,2.0287,0,20260831,350,5.137
A-readout,1.5486,3,4.0573,2.1525,1.3524,1,20260831,350,2.224
B-drive,1.5486,3,4.0573,2.1525,1.3524,1,20260831,350,3.923
A-readout,1.5486,4,4.0573,2.1525,1.0143,1,20260831,350,1.96
B-drive,1.5486,4,4.0573,2.1525,1.0143,1,20260831,350,3.113
A-readout,1.5486,6,4.0573,2.1525,0.6762,1,20260831,350,0.913
B-drive,1.5486,6,4.0573,2.1525,0.6762,1,20260831,350,2.259
A-readout,1.5486,8,4.0573,2.1525,0.5072,1,20260831,350,1.194
B-drive,1.5486,8,4.0573,2.1525,0.5072,1,20260831,350,1.723
A-readout,1.5486,12,4.0573,2.1525,0.3381,1,20260831,350,1.164
B-drive,1.5486,12,4.0573,2.1525,0.3381,1,20260831,350,1.53
A-readout,1.5486,16,4.0573,2.1525,0.2536,1,20260831,350,0.781
B-drive,1.5486,16,4.0573,2.1525,0.2536,1,20260831,350,1.13
A-readout,2.0,1,3.1416,1.6667,3.1416,0,20260831,350,5.811
B-drive,2.0,1,3.1416,1.6667,3.1416,0,20260831,350,5.811
A-readout,2.0,2,3.1416,1.6667,1.5708,1,20260831,350,2.969
B-drive,2.0,2,3.1416,1.6667,1.5708,1,20260831,350,3.941
A-readout,2.0,3,3.1416,1.6667,1.0472,1,20260831,350,2.088
B-drive,2.0,3,3.1416,1.6667,1.0472,1,20260831,350,3.083
A-readout,2.0,4,3.1416,1.6667,0.7854,1,20260831,350,1.428
B-drive,2.0,4,3.1416,1.6667,0.7854,1,20260831,350,2.584
A-readout,2.0,6,3.1416,1.6667,0.5236,1,20260831,350,1.002
B-drive,2.0,6,3.1416,1.6667,0.5236,1,20260831,350,1.715
A-readout,2.0,8,3.1416,1.6667,0.3927,1,20260831,350,1.073
B-drive,2.0,8,3.1416,1.6667,0.3927,1,20260831,350,1.468
A-readout,2.0,12,3.1416,1.6667,0.2618,1,20260831,350,0.937
B-drive,2.0,12,3.1416,1.6667,0.2618,1,20260831,350,1.072
A-readout,2.0,16,3.1416,1.6667,0.1963,1,20260831,350,0.677
B-drive,2.0,16,3.1416,1.6667,0.1963,1,20260831,350,0.729
A-readout,0.12,1,52.3599,27.7778,52.3599,0,20260832,350,1.416
B-drive,0.12,1,52.3599,27.7778,52.3599,0,20260832,350,1.416
A-readout,0.12,2,52.3599,27.7778,26.1799,0,20260832,350,0.891
B-drive,0.12,2,52.3599,27.7778,26.1799,0,20260832,350,2.731
A-readout,0.12,3,52.3599,27.7778,17.4533,0,20260832,350,1.424
B-drive,0.12,3,52.3599,27.7778,17.4533,0,20260832,350,3.478
A-readout,0.12,4,52.3599,27.7778,13.09,0,20260832,350,0.472
B-drive,0.12,4,52.3599,27.7778,13.09,0,20260832,350,4.443
A-readout,0.12,6,52.3599,27.7778,8.7266,0,20260832,350,0.582
B-drive,0.12,6,52.3599,27.7778,8.7266,0,20260832,350,5.186
A-readout,0.12,8,52.3599,27.7778,6.545,0,20260832,350,0.783
B-drive,0.12,8,52.3599,27.7778,6.545,0,20260832,350,5.756
A-readout,0.12,12,52.3599,27.7778,4.3633,0,20260832,350,0.756
B-drive,0.12,12,52.3599,27.7778,4.3633,0,20260832,350,6.132
A-readout,0.12,16,52.3599,27.7778,3.2725,0,20260832,350,0.581
B-drive,0.12,16,52.3599,27.7778,3.2725,0,20260832,350,5.367
A-readout,0.155,1,40.5367,21.5054,40.5367,0,20260832,350,1.672
B-drive,0.155,1,40.5367,21.5054,40.5367,0,20260832,350,1.672
A-readout,0.155,2,40.5367,21.5054,20.2683,0,20260832,350,1.048
B-drive,0.155,2,40.5367,21.5054,20.2683,0,20260832,350,3.159
A-readout,0.155,3,40.5367,21.5054,13.5122,0,20260832,350,1.592
B-drive,0.155,3,40.5367,21.5054,13.5122,0,20260832,350,4.346
A-readout,0.155,4,40.5367,21.5054,10.1342,0,20260832,350,0.696
B-drive,0.155,4,40.5367,21.5054,10.1342,0,20260832,350,4.871
A-readout,0.155,6,40.5367,21.5054,6.7561,0,20260832,350,0.636
B-drive,0.155,6,40.5367,21.5054,6.7561,0,20260832,350,5.709
A-readout,0.155,8,40.5367,21.5054,5.0671,0,20260832,350,0.865
B-drive,0.155,8,40.5367,21.5054,5.0671,0,20260832,350,6.008
A-readout,0.155,12,40.5367,21.5054,3.3781,0,20260832,350,0.493
B-drive,0.155,12,40.5367,21.5054,3.3781,0,20260832,350,5.438
A-readout,0.155,16,40.5367,21.5054,2.5335,0,20260832,350,0.541
B-drive,0.155,16,40.5367,21.5054,2.5335,0,20260832,350,4.399
A-readout,0.2001,1,31.4002,16.6583,31.4002,0,20260832,350,2.402
B-drive,0.2001,1,31.4002,16.6583,31.4002,0,20260832,350,2.402
A-readout,0.2001,2,31.4002,16.6583,15.7001,0,20260832,350,1.369
B-drive,0.2001,2,31.4002,16.6583,15.7001,0,20260832,350,3.808
A-readout,0.2001,3,31.4002,16.6583,10.4667,0,20260832,350,1.919
B-drive,0.2001,3,31.4002,16.6583,10.4667,0,20260832,350,4.817
A-readout,0.2001,4,31.4002,16.6583,7.8501,0,20260832,350,0.985
B-drive,0.2001,4,31.4002,16.6583,7.8501,0,20260832,350,5.363
A-readout,0.2001,6,31.4002,16.6583,5.2334,0,20260832,350,0.939
B-drive,0.2001,6,31.4002,16.6583,5.2334,0,20260832,350,5.983
A-readout,0.2001,8,31.4002,16.6583,3.925,0,20260832,350,1.235
B-drive,0.2001,8,31.4002,16.6583,3.925,0,20260832,350,5.787
A-readout,0.2001,12,31.4002,16.6583,2.6167,0,20260832,350,0.404
B-drive,0.2001,12,31.4002,16.6583,2.6167,0,20260832,350,4.528
A-readout,0.2001,16,31.4002,16.6583,1.9625,1,20260832,350,0.608
B-drive,0.2001,16,31.4002,16.6583,1.9625,1,20260832,350,4.082
A-readout,0.2585,1,24.3063,12.8949,24.3063,0,20260832,350,2.833
B-drive,0.2585,1,24.3063,12.8949,24.3063,0,20260832,350,2.833
A-readout,0.2585,2,24.3063,12.8949,12.1532,0,20260832,350,1.645
B-drive,0.2585,2,24.3063,12.8949,12.1532,0,20260832,350,4.617
A-readout,0.2585,3,24.3063,12.8949,8.1021,0,20260832,350,2.282
B-drive,0.2585,3,24.3063,12.8949,8.1021,0,20260832,350,5.31
A-readout,0.2585,4,24.3063,12.8949,6.0766,0,20260832,350,1.285
B-drive,0.2585,4,24.3063,12.8949,6.0766,0,20260832,350,5.865
A-readout,0.2585,6,24.3063,12.8949,4.0511,0,20260832,350,1.399
B-drive,0.2585,6,24.3063,12.8949,4.0511,0,20260832,350,5.854
A-readout,0.2585,8,24.3063,12.8949,3.0383,0,20260832,350,1.766
B-drive,0.2585,8,24.3063,12.8949,3.0383,0,20260832,350,5.095
A-readout,0.2585,12,24.3063,12.8949,2.0255,0,20260832,350,0.438
B-drive,0.2585,12,24.3063,12.8949,2.0255,0,20260832,350,4.173
A-readout,0.2585,16,24.3063,12.8949,1.5191,1,20260832,350,0.839
B-drive,0.2585,16,24.3063,12.8949,1.5191,1,20260832,350,3.386
A-readout,0.3338,1,18.8232,9.986,18.8232,0,20260832,350,3.344
B-drive,0.3338,1,18.8232,9.986,18.8232,0,20260832,350,3.344
A-readout,0.3338,2,18.8232,9.986,9.4116,0,20260832,350,2.016
B-drive,0.3338,2,18.8232,9.986,9.4116,0,20260832,350,5.047
A-readout,0.3338,3,18.8232,9.986,6.2744,0,20260832,350,2.793
B-drive,0.3338,3,18.8232,9.986,6.2744,0,20260832,350,5.834
A-readout,0.3338,4,18.8232,9.986,4.7058,0,20260832,350,1.41
B-drive,0.3338,4,18.8232,9.986,4.7058,0,20260832,350,6.151
A-readout,0.3338,6,18.8232,9.986,3.1372,0,20260832,350,1.474
B-drive,0.3338,6,18.8232,9.986,3.1372,0,20260832,350,5.194
A-readout,0.3338,8,18.8232,9.986,2.3529,0,20260832,350,2.024
B-drive,0.3338,8,18.8232,9.986,2.3529,0,20260832,350,4.251
A-readout,0.3338,12,18.8232,9.986,1.5686,1,20260832,350,0.576
B-drive,0.3338,12,18.8232,9.986,1.5686,1,20260832,350,3.438
A-readout,0.3338,16,18.8232,9.986,1.1765,1,20260832,350,0.838
B-drive,0.3338,16,18.8232,9.986,1.1765,1,20260832,350,3.086
A-readout,0.4311,1,14.5748,7.7322,14.5748,0,20260832,350,4.11
B-drive,0.4311,1,14.5748,7.7322,14.5748,0,20260832,350,4.11
A-readout,0.4311,2,14.5748,7.7322,7.2874,0,20260832,350,2.815
B-drive,0.4311,2,14.5748,7.7322,7.2874,0,20260832,350,5.577
A-readout,0.4311,3,14.5748,7.7322,4.8583,0,20260832,350,2.873
B-drive,0.4311,3,14.5748,7.7322,4.8583,0,20260832,350,6.119
A-readout,0.4311,4,14.5748,7.7322,3.6437,0,20260832,350,1.938
B-drive,0.4311,4,14.5748,7.7322,3.6437,0,20260832,350,5.616
A-readout,0.4311,6,14.5748,7.7322,2.4291,0,20260832,350,1.477
B-drive,0.4311,6,14.5748,7.7322,2.4291,0,20260832,350,4.294
A-readout,0.4311,8,14.5748,7.7322,1.8218,1,20260832,350,2.094
B-drive,0.4311,8,14.5748,7.7322,1.8218,1,20260832,350,3.739
A-readout,0.4311,12,14.5748,7.7322,1.2146,1,20260832,350,0.678
B-drive,0.4311,12,14.5748,7.7322,1.2146,1,20260832,350,3.123
A-readout,0.4311,16,14.5748,7.7322,0.9109,1,20260832,350,0.929
B-drive,0.4311,16,14.5748,7.7322,0.9109,1,20260832,350,2.66
A-readout,0.5567,1,11.2865,5.9877,11.2865,0,20260832,350,4.726
B-drive,0.5567,1,11.2865,5.9877,11.2865,0,20260832,350,4.726
A-readout,0.5567,2,11.2865,5.9877,5.6432,0,20260832,350,3.553
B-drive,0.5567,2,11.2865,5.9877,5.6432,0,20260832,350,5.974
A-readout,0.5567,3,11.2865,5.9877,3.7622,0,20260832,350,3.015
B-drive,0.5567,3,11.2865,5.9877,3.7622,0,20260832,350,5.706
A-readout,0.5567,4,11.2865,5.9877,2.8216,0,20260832,350,2.418
B-drive,0.5567,4,11.2865,5.9877,2.8216,0,20260832,350,4.828
A-readout,0.5567,6,11.2865,5.9877,1.8811,1,20260832,350,1.521
B-drive,0.5567,6,11.2865,5.9877,1.8811,1,20260832,350,3.806
A-readout,0.5567,8,11.2865,5.9877,1.4108,1,20260832,350,2.066
B-drive,0.5567,8,11.2865,5.9877,1.4108,1,20260832,350,3.19
A-readout,0.5567,12,11.2865,5.9877,0.9405,1,20260832,350,0.72
B-drive,0.5567,12,11.2865,5.9877,0.9405,1,20260832,350,2.645
A-readout,0.5567,16,11.2865,5.9877,0.7054,1,20260832,350,1.037
B-drive,0.5567,16,11.2865,5.9877,0.7054,1,20260832,350,2.019
A-readout,0.719,1,8.7388,4.6361,8.7388,0,20260832,350,5.232
B-drive,0.719,1,8.7388,4.6361,8.7388,0,20260832,350,5.232
A-readout,0.719,2,8.7388,4.6361,4.3694,0,20260832,350,3.899
B-drive,0.719,2,8.7388,4.6361,4.3694,0,20260832,350,6.003
A-readout,0.719,3,8.7388,4.6361,2.9129,0,20260832,350,3.029
B-drive,0.719,3,8.7388,4.6361,2.9129,0,20260832,350,4.92
A-readout,0.719,4,8.7388,4.6361,2.1847,0,20260832,350,2.549
B-drive,0.719,4,8.7388,4.6361,2.1847,0,20260832,350,4.324
A-readout,0.719,6,8.7388,4.6361,1.4565,1,20260832,350,1.609
B-drive,0.719,6,8.7388,4.6361,1.4565,1,20260832,350,3.217
A-readout,0.719,8,8.7388,4.6361,1.0923,1,20260832,350,1.843
B-drive,0.719,8,8.7388,4.6361,1.0923,1,20260832,350,2.83
A-readout,0.719,12,8.7388,4.6361,0.7282,1,20260832,350,0.882
B-drive,0.719,12,8.7388,4.6361,0.7282,1,20260832,350,2.005
A-readout,0.719,16,8.7388,4.6361,0.5462,1,20260832,350,0.96
B-drive,0.719,16,8.7388,4.6361,0.5462,1,20260832,350,1.371
A-readout,0.9285,1,6.767,3.59,6.767,0,20260832,350,5.846
B-drive,0.9285,1,6.767,3.59,6.767,0,20260832,350,5.846
A-readout,0.9285,2,6.767,3.59,3.3835,0,20260832,350,3.859
B-drive,0.9285,2,6.767,3.59,3.3835,0,20260832,350,5.366
A-readout,0.9285,3,6.767,3.59,2.2557,0,20260832,350,2.882
B-drive,0.9285,3,6.767,3.59,2.2557,0,20260832,350,4.376
A-readout,0.9285,4,6.767,3.59,1.6918,1,20260832,350,2.411
B-drive,0.9285,4,6.767,3.59,1.6918,1,20260832,350,3.549
A-readout,0.9285,6,6.767,3.59,1.1278,1,20260832,350,1.692
B-drive,0.9285,6,6.767,3.59,1.1278,1,20260832,350,2.843
A-readout,0.9285,8,6.767,3.59,0.8459,1,20260832,350,1.678
B-drive,0.9285,8,6.767,3.59,0.8459,1,20260832,350,2.315
A-readout,0.9285,12,6.767,3.59,0.5639,1,20260832,350,0.798
B-drive,0.9285,12,6.767,3.59,0.5639,1,20260832,350,1.406
A-readout,0.9285,16,6.767,3.59,0.4229,1,20260832,350,0.742
B-drive,0.9285,16,6.767,3.59,0.4229,1,20260832,350,1.19
A-readout,1.1992,1,5.2395,2.7796,5.2395,0,20260832,350,6.157
B-drive,1.1992,1,5.2395,2.7796,5.2395,0,20260832,350,6.157
A-readout,1.1992,2,5.2395,2.7796,2.6197,0,20260832,350,4.241
B-drive,1.1992,2,5.2395,2.7796,2.6197,0,20260832,350,4.502
A-readout,1.1992,3,5.2395,2.7796,1.7465,1,20260832,350,2.796
B-drive,1.1992,3,5.2395,2.7796,1.7465,1,20260832,350,3.564
A-readout,1.1992,4,5.2395,2.7796,1.3099,1,20260832,350,2.307
B-drive,1.1992,4,5.2395,2.7796,1.3099,1,20260832,350,3.023
A-readout,1.1992,6,5.2395,2.7796,0.8732,1,20260832,350,1.273
B-drive,1.1992,6,5.2395,2.7796,0.8732,1,20260832,350,2.389
A-readout,1.1992,8,5.2395,2.7796,0.6549,1,20260832,350,1.56
B-drive,1.1992,8,5.2395,2.7796,0.6549,1,20260832,350,1.637
A-readout,1.1992,12,5.2395,2.7796,0.4366,1,20260832,350,0.759
B-drive,1.1992,12,5.2395,2.7796,0.4366,1,20260832,350,1.235
A-readout,1.1992,16,5.2395,2.7796,0.3275,1,20260832,350,0.775
B-drive,1.1992,16,5.2395,2.7796,0.3275,1,20260832,350,0.803
A-readout,1.5486,1,4.0573,2.1525,4.0573,0,20260832,350,5.85
B-drive,1.5486,1,4.0573,2.1525,4.0573,0,20260832,350,5.85
A-readout,1.5486,2,4.0573,2.1525,2.0287,0,20260832,350,3.496
B-drive,1.5486,2,4.0573,2.1525,2.0287,0,20260832,350,3.917
A-readout,1.5486,3,4.0573,2.1525,1.3524,1,20260832,350,2.476
B-drive,1.5486,3,4.0573,2.1525,1.3524,1,20260832,350,2.981
A-readout,1.5486,4,4.0573,2.1525,1.0143,1,20260832,350,1.844
B-drive,1.5486,4,4.0573,2.1525,1.0143,1,20260832,350,2.545
A-readout,1.5486,6,4.0573,2.1525,0.6762,1,20260832,350,1.094
B-drive,1.5486,6,4.0573,2.1525,0.6762,1,20260832,350,1.652
A-readout,1.5486,8,4.0573,2.1525,0.5072,1,20260832,350,1.313
B-drive,1.5486,8,4.0573,2.1525,0.5072,1,20260832,350,1.366
A-readout,1.5486,12,4.0573,2.1525,0.3381,1,20260832,350,0.627
B-drive,1.5486,12,4.0573,2.1525,0.3381,1,20260832,350,0.825
A-readout,1.5486,16,4.0573,2.1525,0.2536,1,20260832,350,0.683
B-drive,1.5486,16,4.0573,2.1525,0.2536,1,20260832,350,0.438
A-readout,2.0,1,3.1416,1.6667,3.1416,0,20260832,350,5.146
B-drive,2.0,1,3.1416,1.6667,3.1416,0,20260832,350,5.146
A-readout,2.0,2,3.1416,1.6667,1.5708,1,20260832,350,2.741
B-drive,2.0,2,3.1416,1.6667,1.5708,1,20260832,350,3.169
A-readout,2.0,3,3.1416,1.6667,1.0472,1,20260832,350,2.097
B-drive,2.0,3,3.1416,1.6667,1.0472,1,20260832,350,2.51
A-readout,2.0,4,3.1416,1.6667,0.7854,1,20260832,350,1.613
B-drive,2.0,4,3.1416,1.6667,0.7854,1,20260832,350,1.862
A-readout,2.0,6,3.1416,1.6667,0.5236,1,20260832,350,1.164
B-drive,2.0,6,3.1416,1.6667,0.5236,1,20260832,350,1.365
A-readout,2.0,8,3.1416,1.6667,0.3927,1,20260832,350,0.997
B-drive,2.0,8,3.1416,1.6667,0.3927,1,20260832,350,1.053
A-readout,2.0,12,3.1416,1.6667,0.2618,1,20260832,350,0.474
B-drive,2.0,12,3.1416,1.6667,0.2618,1,20260832,350,0.44
A-readout,2.0,16,3.1416,1.6667,0.1963,1,20260832,350,0.733
B-drive,2.0,16,3.1416,1.6667,0.1963,1,20260832,350,0.454
A-readout,0.12,1,52.3599,27.7778,52.3599,0,20260833,350,1.347
B-drive,0.12,1,52.3599,27.7778,52.3599,0,20260833,350,1.347
A-readout,0.12,2,52.3599,27.7778,26.1799,0,20260833,350,1.211
B-drive,0.12,2,52.3599,27.7778,26.1799,0,20260833,350,2.312
A-readout,0.12,3,52.3599,27.7778,17.4533,0,20260833,350,0.468
B-drive,0.12,3,52.3599,27.7778,17.4533,0,20260833,350,2.699
A-readout,0.12,4,52.3599,27.7778,13.09,0,20260833,350,1.091
B-drive,0.12,4,52.3599,27.7778,13.09,0,20260833,350,2.847
A-readout,0.12,6,52.3599,27.7778,8.7266,0,20260833,350,1.21
B-drive,0.12,6,52.3599,27.7778,8.7266,0,20260833,350,3.478
A-readout,0.12,8,52.3599,27.7778,6.545,0,20260833,350,0.746
B-drive,0.12,8,52.3599,27.7778,6.545,0,20260833,350,4.02
A-readout,0.12,12,52.3599,27.7778,4.3633,0,20260833,350,1.187
B-drive,0.12,12,52.3599,27.7778,4.3633,0,20260833,350,5.399
A-readout,0.12,16,52.3599,27.7778,3.2725,0,20260833,350,0.822
B-drive,0.12,16,52.3599,27.7778,3.2725,0,20260833,350,6.327
A-readout,0.155,1,40.5367,21.5054,40.5367,0,20260833,350,1.49
B-drive,0.155,1,40.5367,21.5054,40.5367,0,20260833,350,1.49
A-readout,0.155,2,40.5367,21.5054,20.2683,0,20260833,350,1.936
B-drive,0.155,2,40.5367,21.5054,20.2683,0,20260833,350,2.698
A-readout,0.155,3,40.5367,21.5054,13.5122,0,20260833,350,0.826
B-drive,0.155,3,40.5367,21.5054,13.5122,0,20260833,350,2.887
A-readout,0.155,4,40.5367,21.5054,10.1342,0,20260833,350,1.197
B-drive,0.155,4,40.5367,21.5054,10.1342,0,20260833,350,3.099
A-readout,0.155,6,40.5367,21.5054,6.7561,0,20260833,350,0.886
B-drive,0.155,6,40.5367,21.5054,6.7561,0,20260833,350,3.999
A-readout,0.155,8,40.5367,21.5054,5.0671,0,20260833,350,0.816
B-drive,0.155,8,40.5367,21.5054,5.0671,0,20260833,350,4.702
A-readout,0.155,12,40.5367,21.5054,3.3781,0,20260833,350,0.95
B-drive,0.155,12,40.5367,21.5054,3.3781,0,20260833,350,6.241
A-readout,0.155,16,40.5367,21.5054,2.5335,0,20260833,350,0.776
B-drive,0.155,16,40.5367,21.5054,2.5335,0,20260833,350,5.804
A-readout,0.2001,1,31.4002,16.6583,31.4002,0,20260833,350,1.972
B-drive,0.2001,1,31.4002,16.6583,31.4002,0,20260833,350,1.972
A-readout,0.2001,2,31.4002,16.6583,15.7001,0,20260833,350,2.63
B-drive,0.2001,2,31.4002,16.6583,15.7001,0,20260833,350,2.816
A-readout,0.2001,3,31.4002,16.6583,10.4667,0,20260833,350,0.995
B-drive,0.2001,3,31.4002,16.6583,10.4667,0,20260833,350,3.007
A-readout,0.2001,4,31.4002,16.6583,7.8501,0,20260833,350,1.029
B-drive,0.2001,4,31.4002,16.6583,7.8501,0,20260833,350,3.702
A-readout,0.2001,6,31.4002,16.6583,5.2334,0,20260833,350,1.03
B-drive,0.2001,6,31.4002,16.6583,5.2334,0,20260833,350,4.633
A-readout,0.2001,8,31.4002,16.6583,3.925,0,20260833,350,0.759
B-drive,0.2001,8,31.4002,16.6583,3.925,0,20260833,350,6.222
A-readout,0.2001,12,31.4002,16.6583,2.6167,0,20260833,350,0.716
B-drive,0.2001,12,31.4002,16.6583,2.6167,0,20260833,350,5.893
A-readout,0.2001,16,31.4002,16.6583,1.9625,1,20260833,350,0.755
B-drive,0.2001,16,31.4002,16.6583,1.9625,1,20260833,350,4.609
A-readout,0.2585,1,24.3063,12.8949,24.3063,0,20260833,350,2.496
B-drive,0.2585,1,24.3063,12.8949,24.3063,0,20260833,350,2.496
A-readout,0.2585,2,24.3063,12.8949,12.1532,0,20260833,350,3.735
B-drive,0.2585,2,24.3063,12.8949,12.1532,0,20260833,350,2.801
A-readout,0.2585,3,24.3063,12.8949,8.1021,0,20260833,350,1.426
B-drive,0.2585,3,24.3063,12.8949,8.1021,0,20260833,350,3.632
A-readout,0.2585,4,24.3063,12.8949,6.0766,0,20260833,350,0.991
B-drive,0.2585,4,24.3063,12.8949,6.0766,0,20260833,350,4.211
A-readout,0.2585,6,24.3063,12.8949,4.0511,0,20260833,350,1.06
B-drive,0.2585,6,24.3063,12.8949,4.0511,0,20260833,350,6.067
A-readout,0.2585,8,24.3063,12.8949,3.0383,0,20260833,350,0.849
B-drive,0.2585,8,24.3063,12.8949,3.0383,0,20260833,350,6.225
A-readout,0.2585,12,24.3063,12.8949,2.0255,0,20260833,350,0.667
B-drive,0.2585,12,24.3063,12.8949,2.0255,0,20260833,350,4.76
A-readout,0.2585,16,24.3063,12.8949,1.5191,1,20260833,350,0.752
B-drive,0.2585,16,24.3063,12.8949,1.5191,1,20260833,350,4.2
A-readout,0.3338,1,18.8232,9.986,18.8232,0,20260833,350,2.666
B-drive,0.3338,1,18.8232,9.986,18.8232,0,20260833,350,2.666
A-readout,0.3338,2,18.8232,9.986,9.4116,0,20260833,350,4.368
B-drive,0.3338,2,18.8232,9.986,9.4116,0,20260833,350,3.317
A-readout,0.3338,3,18.8232,9.986,6.2744,0,20260833,350,2.196
B-drive,0.3338,3,18.8232,9.986,6.2744,0,20260833,350,4.125
A-readout,0.3338,4,18.8232,9.986,4.7058,0,20260833,350,0.949
B-drive,0.3338,4,18.8232,9.986,4.7058,0,20260833,350,5.042
A-readout,0.3338,6,18.8232,9.986,3.1372,0,20260833,350,1.128
B-drive,0.3338,6,18.8232,9.986,3.1372,0,20260833,350,6.285
A-readout,0.3338,8,18.8232,9.986,2.3529,0,20260833,350,1.124
B-drive,0.3338,8,18.8232,9.986,2.3529,0,20260833,350,5.098
A-readout,0.3338,12,18.8232,9.986,1.5686,1,20260833,350,0.787
B-drive,0.3338,12,18.8232,9.986,1.5686,1,20260833,350,4.403
A-readout,0.3338,16,18.8232,9.986,1.1765,1,20260833,350,0.636
B-drive,0.3338,16,18.8232,9.986,1.1765,1,20260833,350,3.782
A-readout,0.4311,1,14.5748,7.7322,14.5748,0,20260833,350,2.93
B-drive,0.4311,1,14.5748,7.7322,14.5748,0,20260833,350,2.93
A-readout,0.4311,2,14.5748,7.7322,7.2874,0,20260833,350,4.728
B-drive,0.4311,2,14.5748,7.7322,7.2874,0,20260833,350,3.917
A-readout,0.4311,3,14.5748,7.7322,4.8583,0,20260833,350,2.326
B-drive,0.4311,3,14.5748,7.7322,4.8583,0,20260833,350,4.934
A-readout,0.4311,4,14.5748,7.7322,3.6437,0,20260833,350,1.515
B-drive,0.4311,4,14.5748,7.7322,3.6437,0,20260833,350,5.905
A-readout,0.4311,6,14.5748,7.7322,2.4291,0,20260833,350,1.061
B-drive,0.4311,6,14.5748,7.7322,2.4291,0,20260833,350,5.333
A-readout,0.4311,8,14.5748,7.7322,1.8218,1,20260833,350,1.395
B-drive,0.4311,8,14.5748,7.7322,1.8218,1,20260833,350,4.579
A-readout,0.4311,12,14.5748,7.7322,1.2146,1,20260833,350,0.895
B-drive,0.4311,12,14.5748,7.7322,1.2146,1,20260833,350,3.817
A-readout,0.4311,16,14.5748,7.7322,0.9109,1,20260833,350,0.702
B-drive,0.4311,16,14.5748,7.7322,0.9109,1,20260833,350,2.765
A-readout,0.5567,1,11.2865,5.9877,11.2865,0,20260833,350,2.884
B-drive,0.5567,1,11.2865,5.9877,11.2865,0,20260833,350,2.884
A-readout,0.5567,2,11.2865,5.9877,5.6432,0,20260833,350,4.439
B-drive,0.5567,2,11.2865,5.9877,5.6432,0,20260833,350,4.504
A-readout,0.5567,3,11.2865,5.9877,3.7622,0,20260833,350,2.499
B-drive,0.5567,3,11.2865,5.9877,3.7622,0,20260833,350,5.924
A-readout,0.5567,4,11.2865,5.9877,2.8216,0,20260833,350,1.826
B-drive,0.5567,4,11.2865,5.9877,2.8216,0,20260833,350,5.774
A-readout,0.5567,6,11.2865,5.9877,1.8811,1,20260833,350,1.452
B-drive,0.5567,6,11.2865,5.9877,1.8811,1,20260833,350,4.623
A-readout,0.5567,8,11.2865,5.9877,1.4108,1,20260833,350,1.445
B-drive,0.5567,8,11.2865,5.9877,1.4108,1,20260833,350,3.855
A-readout,0.5567,12,11.2865,5.9877,0.9405,1,20260833,350,1.104
B-drive,0.5567,12,11.2865,5.9877,0.9405,1,20260833,350,2.855
A-readout,0.5567,16,11.2865,5.9877,0.7054,1,20260833,350,0.768
B-drive,0.5567,16,11.2865,5.9877,0.7054,1,20260833,350,2.446
A-readout,0.719,1,8.7388,4.6361,8.7388,0,20260833,350,3.49
B-drive,0.719,1,8.7388,4.6361,8.7388,0,20260833,350,3.49
A-readout,0.719,2,8.7388,4.6361,4.3694,0,20260833,350,3.472
B-drive,0.719,2,8.7388,4.6361,4.3694,0,20260833,350,5.759
A-readout,0.719,3,8.7388,4.6361,2.9129,0,20260833,350,2.448
B-drive,0.719,3,8.7388,4.6361,2.9129,0,20260833,350,5.791
A-readout,0.719,4,8.7388,4.6361,2.1847,0,20260833,350,1.819
B-drive,0.719,4,8.7388,4.6361,2.1847,0,20260833,350,5.122
A-readout,0.719,6,8.7388,4.6361,1.4565,1,20260833,350,1.659
B-drive,0.719,6,8.7388,4.6361,1.4565,1,20260833,350,3.833
A-readout,0.719,8,8.7388,4.6361,1.0923,1,20260833,350,1.209
B-drive,0.719,8,8.7388,4.6361,1.0923,1,20260833,350,3.485
A-readout,0.719,12,8.7388,4.6361,0.7282,1,20260833,350,1.133
B-drive,0.719,12,8.7388,4.6361,0.7282,1,20260833,350,2.504
A-readout,0.719,16,8.7388,4.6361,0.5462,1,20260833,350,0.836
B-drive,0.719,16,8.7388,4.6361,0.5462,1,20260833,350,2.168
A-readout,0.9285,1,6.767,3.59,6.767,0,20260833,350,4.086
B-drive,0.9285,1,6.767,3.59,6.767,0,20260833,350,4.086
A-readout,0.9285,2,6.767,3.59,3.3835,0,20260833,350,2.88
B-drive,0.9285,2,6.767,3.59,3.3835,0,20260833,350,6.228
A-readout,0.9285,3,6.767,3.59,2.2557,0,20260833,350,2.745
B-drive,0.9285,3,6.767,3.59,2.2557,0,20260833,350,5.167
A-readout,0.9285,4,6.767,3.59,1.6918,1,20260833,350,2.034
B-drive,0.9285,4,6.767,3.59,1.6918,1,20260833,350,4.328
A-readout,0.9285,6,6.767,3.59,1.1278,1,20260833,350,1.592
B-drive,0.9285,6,6.767,3.59,1.1278,1,20260833,350,3.54
A-readout,0.9285,8,6.767,3.59,0.8459,1,20260833,350,1.284
B-drive,0.9285,8,6.767,3.59,0.8459,1,20260833,350,2.59
A-readout,0.9285,12,6.767,3.59,0.5639,1,20260833,350,0.877
B-drive,0.9285,12,6.767,3.59,0.5639,1,20260833,350,2.161
A-readout,0.9285,16,6.767,3.59,0.4229,1,20260833,350,0.941
B-drive,0.9285,16,6.767,3.59,0.4229,1,20260833,350,1.425
A-readout,1.1992,1,5.2395,2.7796,5.2395,0,20260833,350,4.995
B-drive,1.1992,1,5.2395,2.7796,5.2395,0,20260833,350,4.995
A-readout,1.1992,2,5.2395,2.7796,2.6197,0,20260833,350,2.426
B-drive,1.1992,2,5.2395,2.7796,2.6197,0,20260833,350,5.635
A-readout,1.1992,3,5.2395,2.7796,1.7465,1,20260833,350,3.265
B-drive,1.1992,3,5.2395,2.7796,1.7465,1,20260833,350,4.247
A-readout,1.1992,4,5.2395,2.7796,1.3099,1,20260833,350,1.675
B-drive,1.1992,4,5.2395,2.7796,1.3099,1,20260833,350,3.774
A-readout,1.1992,6,5.2395,2.7796,0.8732,1,20260833,350,1.553
B-drive,1.1992,6,5.2395,2.7796,0.8732,1,20260833,350,2.642
A-readout,1.1992,8,5.2395,2.7796,0.6549,1,20260833,350,1.358
B-drive,1.1992,8,5.2395,2.7796,0.6549,1,20260833,350,2.455
A-readout,1.1992,12,5.2395,2.7796,0.4366,1,20260833,350,0.882
B-drive,1.1992,12,5.2395,2.7796,0.4366,1,20260833,350,1.484
A-readout,1.1992,16,5.2395,2.7796,0.3275,1,20260833,350,1.006
B-drive,1.1992,16,5.2395,2.7796,0.3275,1,20260833,350,1.32
A-readout,1.5486,1,4.0573,2.1525,4.0573,0,20260833,350,5.743
B-drive,1.5486,1,4.0573,2.1525,4.0573,0,20260833,350,5.743
A-readout,1.5486,2,4.0573,2.1525,2.0287,0,20260833,350,2.419
B-drive,1.5486,2,4.0573,2.1525,2.0287,0,20260833,350,4.614
A-readout,1.5486,3,4.0573,2.1525,1.3524,1,20260833,350,3.063
B-drive,1.5486,3,4.0573,2.1525,1.3524,1,20260833,350,3.75
A-readout,1.5486,4,4.0573,2.1525,1.0143,1,20260833,350,1.765
B-drive,1.5486,4,4.0573,2.1525,1.0143,1,20260833,350,2.985
A-readout,1.5486,6,4.0573,2.1525,0.6762,1,20260833,350,1.379
B-drive,1.5486,6,4.0573,2.1525,0.6762,1,20260833,350,2.415
A-readout,1.5486,8,4.0573,2.1525,0.5072,1,20260833,350,1.131
B-drive,1.5486,8,4.0573,2.1525,0.5072,1,20260833,350,1.791
A-readout,1.5486,12,4.0573,2.1525,0.3381,1,20260833,350,1.033
B-drive,1.5486,12,4.0573,2.1525,0.3381,1,20260833,350,1.346
A-readout,1.5486,16,4.0573,2.1525,0.2536,1,20260833,350,0.729
B-drive,1.5486,16,4.0573,2.1525,0.2536,1,20260833,350,0.818
A-readout,2.0,1,3.1416,1.6667,3.1416,0,20260833,350,5.841
B-drive,2.0,1,3.1416,1.6667,3.1416,0,20260833,350,5.841
A-readout,2.0,2,3.1416,1.6667,1.5708,1,20260833,350,2.095
B-drive,2.0,2,3.1416,1.6667,1.5708,1,20260833,350,3.692
A-readout,2.0,3,3.1416,1.6667,1.0472,1,20260833,350,2.497
B-drive,2.0,3,3.1416,1.6667,1.0472,1,20260833,350,3.016
A-readout,2.0,4,3.1416,1.6667,0.7854,1,20260833,350,1.586
B-drive,2.0,4,3.1416,1.6667,0.7854,1,20260833,350,2.461
A-readout,2.0,6,3.1416,1.6667,0.5236,1,20260833,350,1.145
B-drive,2.0,6,3.1416,1.6667,0.5236,1,20260833,350,1.8
A-readout,2.0,8,3.1416,1.6667,0.3927,1,20260833,350,0.952
B-drive,2.0,8,3.1416,1.6667,0.3927,1,20260833,350,1.555
A-readout,2.0,12,3.1416,1.6667,0.2618,1,20260833,350,1.017
B-drive,2.0,12,3.1416,1.6667,0.2618,1,20260833,350,0.816
A-readout,2.0,16,3.1416,1.6667,0.1963,1,20260833,350,0.761
B-drive,2.0,16,3.1416,1.6667,0.1963,1,20260833,350,0.784
A-readout,0.12,1,52.3599,27.7778,52.3599,0,20260834,350,1.084
B-drive,0.12,1,52.3599,27.7778,52.3599,0,20260834,350,1.084
A-readout,0.12,2,52.3599,27.7778,26.1799,0,20260834,350,0.665
B-drive,0.12,2,52.3599,27.7778,26.1799,0,20260834,350,1.956
A-readout,0.12,3,52.3599,27.7778,17.4533,0,20260834,350,1.019
B-drive,0.12,3,52.3599,27.7778,17.4533,0,20260834,350,3.005
A-readout,0.12,4,52.3599,27.7778,13.09,0,20260834,350,1.266
B-drive,0.12,4,52.3599,27.7778,13.09,0,20260834,350,3.676
A-readout,0.12,6,52.3599,27.7778,8.7266,0,20260834,350,1.016
B-drive,0.12,6,52.3599,27.7778,8.7266,0,20260834,350,4.419
A-readout,0.12,8,52.3599,27.7778,6.545,0,20260834,350,0.811
B-drive,0.12,8,52.3599,27.7778,6.545,0,20260834,350,5.447
A-readout,0.12,12,52.3599,27.7778,4.3633,0,20260834,350,0.792
B-drive,0.12,12,52.3599,27.7778,4.3633,0,20260834,350,6.413
A-readout,0.12,16,52.3599,27.7778,3.2725,0,20260834,350,0.575
B-drive,0.12,16,52.3599,27.7778,3.2725,0,20260834,350,6.412
A-readout,0.155,1,40.5367,21.5054,40.5367,0,20260834,350,1.321
B-drive,0.155,1,40.5367,21.5054,40.5367,0,20260834,350,1.321
A-readout,0.155,2,40.5367,21.5054,20.2683,0,20260834,350,1.297
B-drive,0.155,2,40.5367,21.5054,20.2683,0,20260834,350,2.547
A-readout,0.155,3,40.5367,21.5054,13.5122,0,20260834,350,1.078
B-drive,0.155,3,40.5367,21.5054,13.5122,0,20260834,350,3.593
A-readout,0.155,4,40.5367,21.5054,10.1342,0,20260834,350,1.324
B-drive,0.155,4,40.5367,21.5054,10.1342,0,20260834,350,4.199
A-readout,0.155,6,40.5367,21.5054,6.7561,0,20260834,350,0.728
B-drive,0.155,6,40.5367,21.5054,6.7561,0,20260834,350,5.333
A-readout,0.155,8,40.5367,21.5054,5.0671,0,20260834,350,0.891
B-drive,0.155,8,40.5367,21.5054,5.0671,0,20260834,350,5.983
A-readout,0.155,12,40.5367,21.5054,3.3781,0,20260834,350,0.799
B-drive,0.155,12,40.5367,21.5054,3.3781,0,20260834,350,6.517
A-readout,0.155,16,40.5367,21.5054,2.5335,0,20260834,350,0.436
B-drive,0.155,16,40.5367,21.5054,2.5335,0,20260834,350,5.87
A-readout,0.2001,1,31.4002,16.6583,31.4002,0,20260834,350,1.616
B-drive,0.2001,1,31.4002,16.6583,31.4002,0,20260834,350,1.616
A-readout,0.2001,2,31.4002,16.6583,15.7001,0,20260834,350,1.956
B-drive,0.2001,2,31.4002,16.6583,15.7001,0,20260834,350,3.287
A-readout,0.2001,3,31.4002,16.6583,10.4667,0,20260834,350,1.004
B-drive,0.2001,3,31.4002,16.6583,10.4667,0,20260834,350,4.151
A-readout,0.2001,4,31.4002,16.6583,7.8501,0,20260834,350,1.313
B-drive,0.2001,4,31.4002,16.6583,7.8501,0,20260834,350,4.754
A-readout,0.2001,6,31.4002,16.6583,5.2334,0,20260834,350,0.507
B-drive,0.2001,6,31.4002,16.6583,5.2334,0,20260834,350,5.914
A-readout,0.2001,8,31.4002,16.6583,3.925,0,20260834,350,0.914
B-drive,0.2001,8,31.4002,16.6583,3.925,0,20260834,350,6.491
A-readout,0.2001,12,31.4002,16.6583,2.6167,0,20260834,350,0.729
B-drive,0.2001,12,31.4002,16.6583,2.6167,0,20260834,350,5.938
A-readout,0.2001,16,31.4002,16.6583,1.9625,1,20260834,350,0.485
B-drive,0.2001,16,31.4002,16.6583,1.9625,1,20260834,350,4.233
A-readout,0.2585,1,24.3063,12.8949,24.3063,0,20260834,350,2.078
B-drive,0.2585,1,24.3063,12.8949,24.3063,0,20260834,350,2.078
A-readout,0.2585,2,24.3063,12.8949,12.1532,0,20260834,350,2.587
B-drive,0.2585,2,24.3063,12.8949,12.1532,0,20260834,350,3.878
A-readout,0.2585,3,24.3063,12.8949,8.1021,0,20260834,350,0.958
B-drive,0.2585,3,24.3063,12.8949,8.1021,0,20260834,350,4.659
A-readout,0.2585,4,24.3063,12.8949,6.0766,0,20260834,350,1.538
B-drive,0.2585,4,24.3063,12.8949,6.0766,0,20260834,350,5.601
A-readout,0.2585,6,24.3063,12.8949,4.0511,0,20260834,350,0.592
B-drive,0.2585,6,24.3063,12.8949,4.0511,0,20260834,350,6.514
A-readout,0.2585,8,24.3063,12.8949,3.0383,0,20260834,350,1.011
B-drive,0.2585,8,24.3063,12.8949,3.0383,0,20260834,350,6.286
A-readout,0.2585,12,24.3063,12.8949,2.0255,0,20260834,350,0.811
B-drive,0.2585,12,24.3063,12.8949,2.0255,0,20260834,350,4.375
A-readout,0.2585,16,24.3063,12.8949,1.5191,1,20260834,350,0.621
B-drive,0.2585,16,24.3063,12.8949,1.5191,1,20260834,350,3.905
A-readout,0.3338,1,18.8232,9.986,18.8232,0,20260834,350,2.827
B-drive,0.3338,1,18.8232,9.986,18.8232,0,20260834,350,2.827
A-readout,0.3338,2,18.8232,9.986,9.4116,0,20260834,350,3.105
B-drive,0.3338,2,18.8232,9.986,9.4116,0,20260834,350,4.31
A-readout,0.3338,3,18.8232,9.986,6.2744,0,20260834,350,1.291
B-drive,0.3338,3,18.8232,9.986,6.2744,0,20260834,350,5.565
A-readout,0.3338,4,18.8232,9.986,4.7058,0,20260834,350,1.817
B-drive,0.3338,4,18.8232,9.986,4.7058,0,20260834,350,6.229
A-readout,0.3338,6,18.8232,9.986,3.1372,0,20260834,350,0.913
B-drive,0.3338,6,18.8232,9.986,3.1372,0,20260834,350,6.302
A-readout,0.3338,8,18.8232,9.986,2.3529,0,20260834,350,0.919
B-drive,0.3338,8,18.8232,9.986,2.3529,0,20260834,350,5.311
A-readout,0.3338,12,18.8232,9.986,1.5686,1,20260834,350,0.997
B-drive,0.3338,12,18.8232,9.986,1.5686,1,20260834,350,4.063
A-readout,0.3338,16,18.8232,9.986,1.1765,1,20260834,350,0.601
B-drive,0.3338,16,18.8232,9.986,1.1765,1,20260834,350,3.948
A-readout,0.4311,1,14.5748,7.7322,14.5748,0,20260834,350,3.444
B-drive,0.4311,1,14.5748,7.7322,14.5748,0,20260834,350,3.444
A-readout,0.4311,2,14.5748,7.7322,7.2874,0,20260834,350,3.376
B-drive,0.4311,2,14.5748,7.7322,7.2874,0,20260834,350,5.071
A-readout,0.4311,3,14.5748,7.7322,4.8583,0,20260834,350,1.728
B-drive,0.4311,3,14.5748,7.7322,4.8583,0,20260834,350,6.169
A-readout,0.4311,4,14.5748,7.7322,3.6437,0,20260834,350,2.029
B-drive,0.4311,4,14.5748,7.7322,3.6437,0,20260834,350,6.508
A-readout,0.4311,6,14.5748,7.7322,2.4291,0,20260834,350,0.899
B-drive,0.4311,6,14.5748,7.7322,2.4291,0,20260834,350,5.559
A-readout,0.4311,8,14.5748,7.7322,1.8218,1,20260834,350,0.823
B-drive,0.4311,8,14.5748,7.7322,1.8218,1,20260834,350,3.933
A-readout,0.4311,12,14.5748,7.7322,1.2146,1,20260834,350,0.959
B-drive,0.4311,12,14.5748,7.7322,1.2146,1,20260834,350,3.986
A-readout,0.4311,16,14.5748,7.7322,0.9109,1,20260834,350,0.603
B-drive,0.4311,16,14.5748,7.7322,0.9109,1,20260834,350,3.187
A-readout,0.5567,1,11.2865,5.9877,11.2865,0,20260834,350,4.061
B-drive,0.5567,1,11.2865,5.9877,11.2865,0,20260834,350,4.061
A-readout,0.5567,2,11.2865,5.9877,5.6432,0,20260834,350,3.512
B-drive,0.5567,2,11.2865,5.9877,5.6432,0,20260834,350,5.819
A-readout,0.5567,3,11.2865,5.9877,3.7622,0,20260834,350,2.173
B-drive,0.5567,3,11.2865,5.9877,3.7622,0,20260834,350,6.458
A-readout,0.5567,4,11.2865,5.9877,2.8216,0,20260834,350,1.991
B-drive,0.5567,4,11.2865,5.9877,2.8216,0,20260834,350,6.132
A-readout,0.5567,6,11.2865,5.9877,1.8811,1,20260834,350,0.991
B-drive,0.5567,6,11.2865,5.9877,1.8811,1,20260834,350,4.08
A-readout,0.5567,8,11.2865,5.9877,1.4108,1,20260834,350,1.073
B-drive,0.5567,8,11.2865,5.9877,1.4108,1,20260834,350,3.783
A-readout,0.5567,12,11.2865,5.9877,0.9405,1,20260834,350,1.045
B-drive,0.5567,12,11.2865,5.9877,0.9405,1,20260834,350,3.342
A-readout,0.5567,16,11.2865,5.9877,0.7054,1,20260834,350,0.7
B-drive,0.5567,16,11.2865,5.9877,0.7054,1,20260834,350,2.755
A-readout,0.719,1,8.7388,4.6361,8.7388,0,20260834,350,4.528
B-drive,0.719,1,8.7388,4.6361,8.7388,0,20260834,350,4.528
A-readout,0.719,2,8.7388,4.6361,4.3694,0,20260834,350,3.985
B-drive,0.719,2,8.7388,4.6361,4.3694,0,20260834,350,6.496
A-readout,0.719,3,8.7388,4.6361,2.9129,0,20260834,350,2.479
B-drive,0.719,3,8.7388,4.6361,2.9129,0,20260834,350,6.212
A-readout,0.719,4,8.7388,4.6361,2.1847,0,20260834,350,1.838
B-drive,0.719,4,8.7388,4.6361,2.1847,0,20260834,350,4.861
A-readout,0.719,6,8.7388,4.6361,1.4565,1,20260834,350,1.177
B-drive,0.719,6,8.7388,4.6361,1.4565,1,20260834,350,3.711
A-readout,0.719,8,8.7388,4.6361,1.0923,1,20260834,350,1.449
B-drive,0.719,8,8.7388,4.6361,1.0923,1,20260834,350,3.552
A-readout,0.719,12,8.7388,4.6361,0.7282,1,20260834,350,1.053
B-drive,0.719,12,8.7388,4.6361,0.7282,1,20260834,350,2.768
A-readout,0.719,16,8.7388,4.6361,0.5462,1,20260834,350,0.894
B-drive,0.719,16,8.7388,4.6361,0.5462,1,20260834,350,2.466
A-readout,0.9285,1,6.767,3.59,6.767,0,20260834,350,5.538
B-drive,0.9285,1,6.767,3.59,6.767,0,20260834,350,5.538
A-readout,0.9285,2,6.767,3.59,3.3835,0,20260834,350,3.412
B-drive,0.9285,2,6.767,3.59,3.3835,0,20260834,350,6.399
A-readout,0.9285,3,6.767,3.59,2.2557,0,20260834,350,2.57
B-drive,0.9285,3,6.767,3.59,2.2557,0,20260834,350,5.026
A-readout,0.9285,4,6.767,3.59,1.6918,1,20260834,350,1.824
B-drive,0.9285,4,6.767,3.59,1.6918,1,20260834,350,4.024
A-readout,0.9285,6,6.767,3.59,1.1278,1,20260834,350,1.249
B-drive,0.9285,6,6.767,3.59,1.1278,1,20260834,350,3.582
A-readout,0.9285,8,6.767,3.59,0.8459,1,20260834,350,1.567
B-drive,0.9285,8,6.767,3.59,0.8459,1,20260834,350,2.969
A-readout,0.9285,12,6.767,3.59,0.5639,1,20260834,350,0.938
B-drive,0.9285,12,6.767,3.59,0.5639,1,20260834,350,2.46
A-readout,0.9285,16,6.767,3.59,0.4229,1,20260834,350,0.889
B-drive,0.9285,16,6.767,3.59,0.4229,1,20260834,350,1.829
A-readout,1.1992,1,5.2395,2.7796,5.2395,0,20260834,350,6.228
B-drive,1.1992,1,5.2395,2.7796,5.2395,0,20260834,350,6.228
A-readout,1.1992,2,5.2395,2.7796,2.6197,0,20260834,350,3.618
B-drive,1.1992,2,5.2395,2.7796,2.6197,0,20260834,350,5.81
A-readout,1.1992,3,5.2395,2.7796,1.7465,1,20260834,350,2.611
B-drive,1.1992,3,5.2395,2.7796,1.7465,1,20260834,350,3.974
A-readout,1.1992,4,5.2395,2.7796,1.3099,1,20260834,350,2.028
B-drive,1.1992,4,5.2395,2.7796,1.3099,1,20260834,350,3.842
A-readout,1.1992,6,5.2395,2.7796,0.8732,1,20260834,350,1.098
B-drive,1.1992,6,5.2395,2.7796,0.8732,1,20260834,350,2.951
A-readout,1.1992,8,5.2395,2.7796,0.6549,1,20260834,350,1.314
B-drive,1.1992,8,5.2395,2.7796,0.6549,1,20260834,350,2.623
A-readout,1.1992,12,5.2395,2.7796,0.4366,1,20260834,350,0.884
B-drive,1.1992,12,5.2395,2.7796,0.4366,1,20260834,350,1.831
A-readout,1.1992,16,5.2395,2.7796,0.3275,1,20260834,350,0.766
B-drive,1.1992,16,5.2395,2.7796,0.3275,1,20260834,350,1.569
A-readout,1.5486,1,4.0573,2.1525,4.0573,0,20260834,350,6.459
B-drive,1.5486,1,4.0573,2.1525,4.0573,0,20260834,350,6.459
A-readout,1.5486,2,4.0573,2.1525,2.0287,0,20260834,350,3.675
B-drive,1.5486,2,4.0573,2.1525,2.0287,0,20260834,350,4.332
A-readout,1.5486,3,4.0573,2.1525,1.3524,1,20260834,350,2.405
B-drive,1.5486,3,4.0573,2.1525,1.3524,1,20260834,350,3.794
A-readout,1.5486,4,4.0573,2.1525,1.0143,1,20260834,350,1.805
B-drive,1.5486,4,4.0573,2.1525,1.0143,1,20260834,350,3.381
A-readout,1.5486,6,4.0573,2.1525,0.6762,1,20260834,350,1.17
B-drive,1.5486,6,4.0573,2.1525,0.6762,1,20260834,350,2.641
A-readout,1.5486,8,4.0573,2.1525,0.5072,1,20260834,350,1.108
B-drive,1.5486,8,4.0573,2.1525,0.5072,1,20260834,350,1.898
A-readout,1.5486,12,4.0573,2.1525,0.3381,1,20260834,350,0.668
B-drive,1.5486,12,4.0573,2.1525,0.3381,1,20260834,350,1.563
A-readout,1.5486,16,4.0573,2.1525,0.2536,1,20260834,350,0.706
B-drive,1.5486,16,4.0573,2.1525,0.2536,1,20260834,350,0.791
A-readout,2.0,1,3.1416,1.6667,3.1416,0,20260834,350,6.288
B-drive,2.0,1,3.1416,1.6667,3.1416,0,20260834,350,6.288
A-readout,2.0,2,3.1416,1.6667,1.5708,1,20260834,350,3.093
B-drive,2.0,2,3.1416,1.6667,1.5708,1,20260834,350,3.532
A-readout,2.0,3,3.1416,1.6667,1.0472,1,20260834,350,2.139
B-drive,2.0,3,3.1416,1.6667,1.0472,1,20260834,350,3.346
A-readout,2.0,4,3.1416,1.6667,0.7854,1,20260834,350,1.54
B-drive,2.0,4,3.1416,1.6667,0.7854,1,20260834,350,2.74
A-readout,2.0,6,3.1416,1.6667,0.5236,1,20260834,350,1.001
B-drive,2.0,6,3.1416,1.6667,0.5236,1,20260834,350,1.904
A-readout,2.0,8,3.1416,1.6667,0.3927,1,20260834,350,1.153
B-drive,2.0,8,3.1416,1.6667,0.3927,1,20260834,350,1.765
A-readout,2.0,12,3.1416,1.6667,0.2618,1,20260834,350,0.517
B-drive,2.0,12,3.1416,1.6667,0.2618,1,20260834,350,0.758
A-readout,2.0,16,3.1416,1.6667,0.1963,1,20260834,350,0.517
B-drive,2.0,16,3.1416,1.6667,0.1963,1,20260834,350,0.671
