substrate,arm,band_k,seed,n,m_streams,ipc,mc,kr,gr
spring-fast (omega 2.0),A-readout,1,20260830,350,60,5.847,2.478,41.0,8.0
spring-fast (omega 2.0),B-drive,1,20260830,350,60,5.847,2.478,41.0,8.0
spring-fast (omega 2.0),A-readout,2,20260830,350,60,2.325,0.898,40.0,8.0
spring-fast (omega 2.0),B-drive,2,20260830,350,60,3.507,2.071,25.0,5.0
spring-fast (omega 2.0),A-readout,4,20260830,350,60,1.401,0.152,41.0,8.0
spring-fast (omega 2.0),B-drive,4,20260830,350,60,2.299,0.96,13.0,4.0
spring-fast (omega 2.0),A-readout,8,20260830,350,60,0.773,0.159,40.0,9.0
spring-fast (omega 2.0),B-drive,8,20260830,350,60,1.147,0.045,6.0,3.0
spring-mid (omega 0.6),A-readout,1,20260830,350,60,4.815,2.446,40.0,10.0
spring-mid (omega 0.6),B-drive,1,20260830,350,60,4.815,2.446,40.0,10.0
spring-mid (omega 0.6),A-readout,2,20260830,350,60,2.958,1.745,40.0,11.0
spring-mid (omega 0.6),B-drive,2,20260830,350,60,6.025,3.014,43.0,10.0
spring-mid (omega 0.6),A-readout,4,20260830,350,60,1.871,0.793,41.0,10.0
spring-mid (omega 0.6),B-drive,4,20260830,350,60,5.13,2.119,40.0,8.0
spring-mid (omega 0.6),A-readout,8,20260830,350,60,1.457,0.443,39.0,11.0
spring-mid (omega 0.6),B-drive,8,20260830,350,60,3.647,1.834,25.0,5.0
spring-slow (omega 0.2),A-readout,1,20260830,350,60,1.687,0.994,34.0,10.0
spring-slow (omega 0.2),B-drive,1,20260830,350,60,1.687,0.994,34.0,10.0
spring-slow (omega 0.2),A-readout,2,20260830,350,60,2.736,1.925,33.0,10.0
spring-slow (omega 0.2),B-drive,2,20260830,350,60,3.056,1.729,37.0,11.0
spring-slow (omega 0.2),A-readout,4,20260830,350,60,1.501,0.42,32.0,10.0
spring-slow (omega 0.2),B-drive,4,20260830,350,60,4.994,2.991,40.0,10.0
spring-slow (omega 0.2),A-readout,8,20260830,350,60,1.451,0.847,32.0,9.0
spring-slow (omega 0.2),B-drive,8,20260830,350,60,6.627,3.102,43.0,10.0
spring-fast (omega 2.0),A-readout,1,20260831,350,60,5.811,2.767,30.0,8.0
spring-fast (omega 2.0),B-drive,1,20260831,350,60,5.811,2.767,30.0,8.0
spring-fast (omega 2.0),A-readout,2,20260831,350,60,2.969,1.336,32.0,9.0
spring-fast (omega 2.0),B-drive,2,20260831,350,60,3.941,2.1,21.0,5.0
spring-fast (omega 2.0),A-readout,4,20260831,350,60,1.428,0.545,32.0,8.0
spring-fast (omega 2.0),B-drive,4,20260831,350,60,2.584,1.001,12.0,4.0
spring-fast (omega 2.0),A-readout,8,20260831,350,60,1.073,0.113,31.0,11.0
spring-fast (omega 2.0),B-drive,8,20260831,350,60,1.468,0.892,6.0,3.0
spring-mid (omega 0.6),A-readout,1,20260831,350,60,4.186,2.327,31.0,12.0
spring-mid (omega 0.6),B-drive,1,20260831,350,60,4.186,2.327,31.0,12.0
spring-mid (omega 0.6),A-readout,2,20260831,350,60,2.697,1.585,30.0,11.0
spring-mid (omega 0.6),B-drive,2,20260831,350,60,4.665,2.197,34.0,10.0
spring-mid (omega 0.6),A-readout,4,20260831,350,60,1.77,0.686,32.0,10.0
spring-mid (omega 0.6),B-drive,4,20260831,350,60,5.822,3.222,30.0,8.0
spring-mid (omega 0.6),A-readout,8,20260831,350,60,1.182,0.208,29.0,9.0
spring-mid (omega 0.6),B-drive,8,20260831,350,60,4.017,1.904,19.0,5.0
spring-slow (omega 0.2),A-readout,1,20260831,350,60,1.957,1.006,25.0,9.0
spring-slow (omega 0.2),B-drive,1,20260831,350,60,1.957,1.006,25.0,9.0
spring-slow (omega 0.2),A-readout,2,20260831,350,60,1.174,0.609,25.0,9.0
spring-slow (omega 0.2),B-drive,2,20260831,350,60,3.523,2.118,29.0,12.0
spring-slow (omega 0.2),A-readout,4,20260831,350,60,1.262,0.199,26.0,8.0
spring-slow (omega 0.2),B-drive,4,20260831,350,60,4.145,2.388,33.0,11.0
spring-slow (omega 0.2),A-readout,8,20260831,350,60,1.57,0.477,24.0,8.0
spring-slow (omega 0.2),B-drive,8,20260831,350,60,5.775,2.747,34.0,8.0
spring-fast (omega 2.0),A-readout,1,20260832,350,60,5.146,1.94,34.0,10.0
spring-fast (omega 2.0),B-drive,1,20260832,350,60,5.146,1.94,34.0,10.0
spring-fast (omega 2.0),A-readout,2,20260832,350,60,2.741,1.047,35.0,8.0
spring-fast (omega 2.0),B-drive,2,20260832,350,60,3.169,1.523,22.0,7.0
spring-fast (omega 2.0),A-readout,4,20260832,350,60,1.613,0.364,35.0,8.0
spring-fast (omega 2.0),B-drive,4,20260832,350,60,1.862,0.907,12.0,5.0
spring-fast (omega 2.0),A-readout,8,20260832,350,60,0.997,0.128,36.0,13.0
spring-fast (omega 2.0),B-drive,8,20260832,350,60,1.053,0.165,6.0,3.0
spring-mid (omega 0.6),A-readout,1,20260832,350,60,4.829,2.805,34.0,11.0
spring-mid (omega 0.6),B-drive,1,20260832,350,60,4.829,2.805,34.0,11.0
spring-mid (omega 0.6),A-readout,2,20260832,350,60,3.752,1.539,33.0,12.0
spring-mid (omega 0.6),B-drive,2,20260832,350,60,6.046,3.002,37.0,10.0
spring-mid (omega 0.6),A-readout,4,20260832,350,60,2.529,1.141,33.0,11.0
spring-mid (omega 0.6),B-drive,4,20260832,350,60,4.479,2.105,31.0,10.0
spring-mid (omega 0.6),A-readout,8,20260832,350,60,2.111,0.633,35.0,10.0
spring-mid (omega 0.6),B-drive,8,20260832,350,60,3.125,1.752,20.0,6.0
spring-slow (omega 0.2),A-readout,1,20260832,350,60,2.401,1.012,27.0,10.0
spring-slow (omega 0.2),B-drive,1,20260832,350,60,2.401,1.012,27.0,10.0
spring-slow (omega 0.2),A-readout,2,20260832,350,60,1.369,0.286,27.0,10.0
spring-slow (omega 0.2),B-drive,2,20260832,350,60,3.806,2.475,32.0,14.0
spring-slow (omega 0.2),A-readout,4,20260832,350,60,0.984,0.253,29.0,10.0
spring-slow (omega 0.2),B-drive,4,20260832,350,60,5.362,2.995,35.0,11.0
spring-slow (omega 0.2),A-readout,8,20260832,350,60,1.235,0.357,29.0,9.0
spring-slow (omega 0.2),B-drive,8,20260832,350,60,5.787,2.768,37.0,9.0
spring-fast (omega 2.0),A-readout,1,20260833,350,60,5.841,2.915,37.0,10.0
spring-fast (omega 2.0),B-drive,1,20260833,350,60,5.841,2.915,37.0,10.0
spring-fast (omega 2.0),A-readout,2,20260833,350,60,2.095,0.967,38.0,11.0
spring-fast (omega 2.0),B-drive,2,20260833,350,60,3.692,1.783,26.0,6.0
spring-fast (omega 2.0),A-readout,4,20260833,350,60,1.586,0.78,38.0,8.0
spring-fast (omega 2.0),B-drive,4,20260833,350,60,2.461,1.187,14.0,4.0
spring-fast (omega 2.0),A-readout,8,20260833,350,60,0.952,0.075,38.0,8.0
spring-fast (omega 2.0),B-drive,8,20260833,350,60,1.555,0.236,6.0,3.0
spring-mid (omega 0.6),A-readout,1,20260833,350,60,3.057,1.929,37.0,10.0
spring-mid (omega 0.6),B-drive,1,20260833,350,60,3.057,1.929,37.0,10.0
spring-mid (omega 0.6),A-readout,2,20260833,350,60,4.309,2.483,37.0,11.0
spring-mid (omega 0.6),B-drive,2,20260833,350,60,4.744,2.248,42.0,11.0
spring-mid (omega 0.6),A-readout,4,20260833,350,60,1.752,0.663,39.0,12.0
spring-mid (omega 0.6),B-drive,4,20260833,350,60,5.831,3.002,35.0,9.0
spring-mid (omega 0.6),A-readout,8,20260833,350,60,1.307,0.525,38.0,10.0
spring-mid (omega 0.6),B-drive,8,20260833,350,60,3.906,1.946,23.0,5.0
spring-slow (omega 0.2),A-readout,1,20260833,350,60,1.971,0.553,33.0,13.0
spring-slow (omega 0.2),B-drive,1,20260833,350,60,1.971,0.553,33.0,13.0
spring-slow (omega 0.2),A-readout,2,20260833,350,60,2.628,1.34,32.0,13.0
spring-slow (omega 0.2),B-drive,2,20260833,350,60,2.815,1.222,37.0,11.0
spring-slow (omega 0.2),A-readout,4,20260833,350,60,1.03,0.341,32.0,13.0
spring-slow (omega 0.2),B-drive,4,20260833,350,60,3.701,2.368,40.0,10.0
spring-slow (omega 0.2),A-readout,8,20260833,350,60,0.758,0.372,31.0,13.0
spring-slow (omega 0.2),B-drive,8,20260833,350,60,6.221,2.856,41.0,10.0
spring-fast (omega 2.0),A-readout,1,20260834,350,60,6.288,3.127,39.0,9.0
spring-fast (omega 2.0),B-drive,1,20260834,350,60,6.288,3.127,39.0,9.0
spring-fast (omega 2.0),A-readout,2,20260834,350,60,3.093,1.783,39.0,9.0
spring-fast (omega 2.0),B-drive,2,20260834,350,60,3.532,1.859,28.0,5.0
spring-fast (omega 2.0),A-readout,4,20260834,350,60,1.54,0.885,39.0,11.0
spring-fast (omega 2.0),B-drive,4,20260834,350,60,2.74,1.124,16.0,4.0
spring-fast (omega 2.0),A-readout,8,20260834,350,60,1.153,0.179,39.0,7.0
spring-fast (omega 2.0),B-drive,8,20260834,350,60,1.765,0.858,7.0,3.0
spring-mid (omega 0.6),A-readout,1,20260834,350,60,4.183,2.296,38.0,10.0
spring-mid (omega 0.6),B-drive,1,20260834,350,60,4.183,2.296,38.0,10.0
spring-mid (omega 0.6),A-readout,2,20260834,350,60,3.529,1.788,38.0,10.0
spring-mid (omega 0.6),B-drive,2,20260834,350,60,6.012,3.686,42.0,11.0
spring-mid (omega 0.6),A-readout,4,20260834,350,60,1.917,0.904,38.0,13.0
spring-mid (omega 0.6),B-drive,4,20260834,350,60,5.891,2.898,38.0,8.0
spring-mid (omega 0.6),A-readout,8,20260834,350,60,1.222,0.245,36.0,12.0
spring-mid (omega 0.6),B-drive,8,20260834,350,60,3.879,1.787,26.0,5.0
spring-slow (omega 0.2),A-readout,1,20260834,350,60,1.615,1.075,31.0,10.0
spring-slow (omega 0.2),B-drive,1,20260834,350,60,1.615,1.075,31.0,10.0
spring-slow (omega 0.2),A-readout,2,20260834,350,60,1.955,0.755,30.0,12.0
spring-slow (omega 0.2),B-drive,2,20260834,350,60,3.286,1.746,36.0,11.0
spring-slow (omega 0.2),A-readout,4,20260834,350,60,1.312,0.591,30.0,12.0
spring-slow (omega 0.2),B-drive,4,20260834,350,60,4.753,2.793,40.0,10.0
spring-slow (omega 0.2),A-readout,8,20260834,350,60,0.914,0.094,29.0,11.0
spring-slow (omega 0.2),B-drive,8,20260834,350,60,6.491,3.777,42.0,11.0
spring-fast (omega 2.0),A-readout,1,20260835,350,60,6.089,3.311,37.0,7.0
spring-fast (omega 2.0),B-drive,1,20260835,350,60,6.089,3.311,37.0,7.0
spring-fast (omega 2.0),A-readout,2,20260835,350,60,3.146,1.392,38.0,11.0
spring-fast (omega 2.0),B-drive,2,20260835,350,60,3.526,1.901,24.0,5.0
spring-fast (omega 2.0),A-readout,4,20260835,350,60,2.137,0.584,37.0,7.0
spring-fast (omega 2.0),B-drive,4,20260835,350,60,2.423,0.75,14.0,4.0
spring-fast (omega 2.0),A-readout,8,20260835,350,60,1.052,0.05,38.0,8.0
spring-fast (omega 2.0),B-drive,8,20260835,350,60,1.49,0.119,6.0,3.0
spring-mid (omega 0.6),A-readout,1,20260835,350,60,2.764,1.757,36.0,11.0
spring-mid (omega 0.6),B-drive,1,20260835,350,60,2.764,1.757,36.0,11.0
spring-mid (omega 0.6),A-readout,2,20260835,350,60,2.736,1.45,36.0,11.0
spring-mid (omega 0.6),B-drive,2,20260835,350,60,5.437,3.425,40.0,10.0
spring-mid (omega 0.6),A-readout,4,20260835,350,60,2.514,1.025,37.0,10.0
spring-mid (omega 0.6),B-drive,4,20260835,350,60,5.486,3.005,35.0,8.0
spring-mid (omega 0.6),A-readout,8,20260835,350,60,1.013,0.201,37.0,9.0
spring-mid (omega 0.6),B-drive,8,20260835,350,60,3.593,1.812,23.0,5.0
spring-slow (omega 0.2),A-readout,1,20260835,350,60,1.67,0.283,31.0,11.0
spring-slow (omega 0.2),B-drive,1,20260835,350,60,1.67,0.283,31.0,11.0
spring-slow (omega 0.2),A-readout,2,20260835,350,60,1.727,0.981,31.0,10.0
spring-slow (omega 0.2),B-drive,2,20260835,350,60,1.709,0.831,35.0,10.0
spring-slow (omega 0.2),A-readout,4,20260835,350,60,1.775,0.892,31.0,9.0
spring-slow (omega 0.2),B-drive,4,20260835,350,60,3.731,2.501,39.0,12.0
spring-slow (omega 0.2),A-readout,8,20260835,350,60,1.569,0.447,30.0,9.0
spring-slow (omega 0.2),B-drive,8,20260835,350,60,6.211,3.804,41.0,10.0
spring-fast (omega 2.0),A-readout,1,20260836,350,60,6.35,3.082,41.0,11.0
spring-fast (omega 2.0),B-drive,1,20260836,350,60,6.35,3.082,41.0,11.0
spring-fast (omega 2.0),A-readout,2,20260836,350,60,3.368,1.145,39.0,8.0
spring-fast (omega 2.0),B-drive,2,20260836,350,60,3.984,1.756,27.0,8.0
spring-fast (omega 2.0),A-readout,4,20260836,350,60,1.664,0.533,39.0,11.0
spring-fast (omega 2.0),B-drive,4,20260836,350,60,2.358,0.94,15.0,5.0
spring-fast (omega 2.0),A-readout,8,20260836,350,60,0.792,0.076,40.0,10.0
spring-fast (omega 2.0),B-drive,8,20260836,350,60,1.229,0.124,6.0,4.0
spring-mid (omega 0.6),A-readout,1,20260836,350,60,4.088,2.418,39.0,13.0
spring-mid (omega 0.6),B-drive,1,20260836,350,60,4.088,2.418,39.0,13.0
spring-mid (omega 0.6),A-readout,2,20260836,350,60,4.184,2.479,40.0,14.0
spring-mid (omega 0.6),B-drive,2,20260836,350,60,5.591,3.28,42.0,12.0
spring-mid (omega 0.6),A-readout,4,20260836,350,60,2.699,1.54,39.0,12.0
spring-mid (omega 0.6),B-drive,4,20260836,350,60,6.0,3.126,39.0,9.0
spring-mid (omega 0.6),A-readout,8,20260836,350,60,0.828,0.265,40.0,10.0
spring-mid (omega 0.6),B-drive,8,20260836,350,60,3.951,1.738,26.0,8.0
spring-slow (omega 0.2),A-readout,1,20260836,350,60,1.671,0.656,31.0,12.0
spring-slow (omega 0.2),B-drive,1,20260836,350,60,1.671,0.656,31.0,12.0
spring-slow (omega 0.2),A-readout,2,20260836,350,60,1.808,0.732,30.0,12.0
spring-slow (omega 0.2),B-drive,2,20260836,350,60,3.215,1.489,37.0,13.0
spring-slow (omega 0.2),A-readout,4,20260836,350,60,1.417,0.68,30.0,12.0
spring-slow (omega 0.2),B-drive,4,20260836,350,60,4.418,3.141,41.0,13.0
spring-slow (omega 0.2),A-readout,8,20260836,350,60,0.523,0.025,34.0,11.0
spring-slow (omega 0.2),B-drive,8,20260836,350,60,6.144,3.47,43.0,10.0
spring-fast (omega 2.0),A-readout,1,20260837,350,60,5.899,2.722,37.0,11.0
spring-fast (omega 2.0),B-drive,1,20260837,350,60,5.899,2.722,37.0,11.0
spring-fast (omega 2.0),A-readout,2,20260837,350,60,3.484,1.071,36.0,9.0
spring-fast (omega 2.0),B-drive,2,20260837,350,60,3.714,1.771,23.0,10.0
spring-fast (omega 2.0),A-readout,4,20260837,350,60,1.856,0.462,35.0,9.0
spring-fast (omega 2.0),B-drive,4,20260837,350,60,2.661,0.556,13.0,7.0
spring-fast (omega 2.0),A-readout,8,20260837,350,60,1.135,0.153,35.0,8.0
spring-fast (omega 2.0),B-drive,8,20260837,350,60,1.415,0.066,6.0,4.0
spring-mid (omega 0.6),A-readout,1,20260837,350,60,4.326,2.306,36.0,11.0
spring-mid (omega 0.6),B-drive,1,20260837,350,60,4.326,2.306,36.0,11.0
spring-mid (omega 0.6),A-readout,2,20260837,350,60,4.657,2.561,35.0,10.0
spring-mid (omega 0.6),B-drive,2,20260837,350,60,5.856,3.147,39.0,12.0
spring-mid (omega 0.6),A-readout,4,20260837,350,60,1.647,0.616,35.0,9.0
spring-mid (omega 0.6),B-drive,4,20260837,350,60,5.394,2.43,34.0,12.0
spring-mid (omega 0.6),A-readout,8,20260837,350,60,1.272,0.232,35.0,13.0
spring-mid (omega 0.6),B-drive,8,20260837,350,60,3.651,1.595,22.0,9.0
spring-slow (omega 0.2),A-readout,1,20260837,350,60,2.215,1.159,31.0,10.0
spring-slow (omega 0.2),B-drive,1,20260837,350,60,2.215,1.159,31.0,10.0
spring-slow (omega 0.2),A-readout,2,20260837,350,60,1.878,0.878,31.0,10.0
spring-slow (omega 0.2),B-drive,2,20260837,350,60,3.251,2.109,33.0,10.0
spring-slow (omega 0.2),A-readout,4,20260837,350,60,0.91,0.392,28.0,10.0
spring-slow (omega 0.2),B-drive,4,20260837,350,60,4.95,2.83,39.0,11.0
spring-slow (omega 0.2),A-readout,8,20260837,350,60,0.744,0.071,28.0,10.0
spring-slow (omega 0.2),B-drive,8,20260837,350,60,6.231,3.456,39.0,12.0
spring-fast (omega 2.0),A-readout,1,20260838,350,60,5.186,2.616,37.0,8.0
spring-fast (omega 2.0),B-drive,1,20260838,350,60,5.186,2.616,37.0,8.0
spring-fast (omega 2.0),A-readout,2,20260838,350,60,3.277,1.179,39.0,10.0
spring-fast (omega 2.0),B-drive,2,20260838,350,60,3.938,2.05,27.0,6.0
spring-fast (omega 2.0),A-readout,4,20260838,350,60,1.626,0.487,37.0,7.0
spring-fast (omega 2.0),B-drive,4,20260838,350,60,2.171,0.734,16.0,4.0
spring-fast (omega 2.0),A-readout,8,20260838,350,60,0.886,0.134,40.0,11.0
spring-fast (omega 2.0),B-drive,8,20260838,350,60,1.015,0.121,7.0,3.0
spring-mid (omega 0.6),A-readout,1,20260838,350,60,4.126,2.627,38.0,10.0
spring-mid (omega 0.6),B-drive,1,20260838,350,60,4.126,2.627,38.0,10.0
spring-mid (omega 0.6),A-readout,2,20260838,350,60,2.814,1.79,37.0,11.0
spring-mid (omega 0.6),B-drive,2,20260838,350,60,5.529,3.102,42.0,10.0
spring-mid (omega 0.6),A-readout,4,20260838,350,60,1.866,0.643,37.0,14.0
spring-mid (omega 0.6),B-drive,4,20260838,350,60,4.437,2.27,37.0,8.0
spring-mid (omega 0.6),A-readout,8,20260838,350,60,1.723,0.534,37.0,12.0
spring-mid (omega 0.6),B-drive,8,20260838,350,60,4.211,2.084,25.0,6.0
spring-slow (omega 0.2),A-readout,1,20260838,350,60,1.765,0.706,31.0,11.0
spring-slow (omega 0.2),B-drive,1,20260838,350,60,1.765,0.706,31.0,11.0
spring-slow (omega 0.2),A-readout,2,20260838,350,60,0.668,0.054,31.0,9.0
spring-slow (omega 0.2),B-drive,2,20260838,350,60,2.928,1.816,36.0,9.0
spring-slow (omega 0.2),A-readout,4,20260838,350,60,1.615,0.9,31.0,9.0
spring-slow (omega 0.2),B-drive,4,20260838,350,60,4.923,2.96,40.0,11.0
spring-slow (omega 0.2),A-readout,8,20260838,350,60,1.291,0.499,31.0,10.0
spring-slow (omega 0.2),B-drive,8,20260838,350,60,5.758,3.09,42.0,10.0
spring-fast (omega 2.0),A-readout,1,20260839,350,60,6.658,4.165,37.0,14.0
spring-fast (omega 2.0),B-drive,1,20260839,350,60,6.658,4.165,37.0,14.0
spring-fast (omega 2.0),A-readout,2,20260839,350,60,2.301,1.416,38.0,12.0
spring-fast (omega 2.0),B-drive,2,20260839,350,60,4.495,2.531,24.0,9.0
spring-fast (omega 2.0),A-readout,4,20260839,350,60,2.05,0.741,38.0,7.0
spring-fast (omega 2.0),B-drive,4,20260839,350,60,2.305,1.626,14.0,5.0
spring-fast (omega 2.0),A-readout,8,20260839,350,60,0.955,0.143,38.0,8.0
spring-fast (omega 2.0),B-drive,8,20260839,350,60,1.392,0.346,7.0,4.0
spring-mid (omega 0.6),A-readout,1,20260839,350,60,2.719,1.145,37.0,11.0
spring-mid (omega 0.6),B-drive,1,20260839,350,60,2.719,1.145,37.0,11.0
spring-mid (omega 0.6),A-readout,2,20260839,350,60,3.198,2.053,36.0,11.0
spring-mid (omega 0.6),B-drive,2,20260839,350,60,5.983,2.326,41.0,12.0
spring-mid (omega 0.6),A-readout,4,20260839,350,60,1.218,0.464,37.0,11.0
spring-mid (omega 0.6),B-drive,4,20260839,350,60,6.304,3.866,36.0,14.0
spring-mid (omega 0.6),A-readout,8,20260839,350,60,1.357,0.28,36.0,11.0
spring-mid (omega 0.6),B-drive,8,20260839,350,60,4.196,1.852,23.0,8.0
spring-slow (omega 0.2),A-readout,1,20260839,350,60,1.677,0.526,31.0,9.0
spring-slow (omega 0.2),B-drive,1,20260839,350,60,1.677,0.526,31.0,9.0
spring-slow (omega 0.2),A-readout,2,20260839,350,60,2.307,0.706,30.0,9.0
spring-slow (omega 0.2),B-drive,2,20260839,350,60,1.827,0.852,33.0,9.0
spring-slow (omega 0.2),A-readout,4,20260839,350,60,1.66,1.045,28.0,10.0
spring-slow (omega 0.2),B-drive,4,20260839,350,60,3.306,1.381,39.0,12.0
spring-slow (omega 0.2),A-readout,8,20260839,350,60,0.99,0.401,28.0,9.0
spring-slow (omega 0.2),B-drive,8,20260839,350,60,6.747,3.232,41.0,13.0
